Workbook

Sheet 🎯倚盟今日排行
A1: 🎯 倚盟今日排行 - 即時追蹤業績排名
A2: 📅 今日日期： | B2: =TODAY()-1 -> 46290 | D2: ⏰ 剩餘天數： | E2: =EOMONTH(TODAY(),0)-TODAY()-1 -> 3 | G2: 📊 業績週期： | H2: 9月上半場 8/30-9/13 | J2: 📊 業績週期： | K2: 9月下半場9/14-9/28
A4: 🏆 總獎金 TOP 5 排行榜 | H4: 🏪 各店業績統計
A5: 排名 | B5: 姓名 | C5: 店點 | D5: 總獎金 | E5: 等級 | F5: 進度條 | H5: 店點 | I5: 人數 | J5: AQ累計 | K5: RT累計 | L5: 手機案累計 | M5: 總獎金 | N5: 平均獎金
A6: =ROW(A1) -> 1 | B6: =INDEX(【你的全部獎金】!$B$7:$B$26,MATCH($D6,【你的全部獎金】!$Q$7:$Q$26,0)) -> 黃庭鈞 | C6: =INDEX(【你的全部獎金】!$A$7:$A$26,MATCH($D6,【你的全部獎金】!$Q$7:$Q$26,0)) -> 區督導 | D6: =LARGE(【你的全部獎金】!$Q$7:$Q$26,ROW(A1)) -> 45886.27 | E6: =IF(D6>=14000,"🏆全壘打",IF(D6>=10000,"⭐明星",IF(D6>=7000,"💪優秀",IF(D6>=4000,"✅合格","📈加油")))) -> 🏆全壘打 | F6: =REPT("█",MIN(20,INT(D6/1000)))&REPT("░",20-MIN(20,INT(D6/1000))) -> ████████████████████ | H6: 鼎山店 | I6: 4 | J6: =SUMIF($H33:$H37,$H6,$K33:$K37) -> 98.5 | K6: =SUMIF($H$42:$H$46,$H6,$K$42:$K$46) -> 520.95 | L6: 65 | M6: =SUMIF(【你的全部獎金】!$A$7:$A$26,$H6,【你的全部獎金】!$Q$7:$Q$26) -> 71025.806 | N6: =IFERROR(M6/I6,0) -> 17756.451
A7: =ROW(A2) -> 2 | B7: =INDEX(【你的全部獎金】!$B$7:$B$26,MATCH($D7,【你的全部獎金】!$Q$7:$Q$26,0)) -> 黃傑稜 | C7: =INDEX(【你的全部獎金】!$A$7:$A$26,MATCH($D7,【你的全部獎金】!$Q$7:$Q$26,0)) -> 仁雄店 | D7: =LARGE(【你的全部獎金】!$Q$7:$Q$26,ROW(A2)) -> 45734.168 | E7: =IF(D7>=14000,"🏆全壘打",IF(D7>=10000,"⭐明星",IF(D7>=7000,"💪優秀",IF(D7>=4000,"✅合格","📈加油")))) -> 🏆全壘打 | F7: =REPT("█",MIN(20,INT(D7/1000)))&REPT("░",20-MIN(20,INT(D7/1000))) -> ████████████████████ | H7: 陽明店 | I7: 3 | J7: =SUMIF($H34:$H38,$H7,$K34:$K38) -> 65 | K7: =SUMIF($H$42:$H$46,$H7,$K$42:$K$46) -> 380.45 | L7: 45 | M7: =SUMIF(【你的全部獎金】!$A$7:$A$26,$H7,【你的全部獎金】!$Q$7:$Q$26) -> 53536.551 | N7: =IFERROR(M7/I7,0) -> 17845.517
A8: =ROW(A3) -> 3 | B8: =INDEX(【你的全部獎金】!$B$7:$B$26,MATCH($D8,【你的全部獎金】!$Q$7:$Q$26,0)) -> 陳宛姍 | C8: =INDEX(【你的全部獎金】!$A$7:$A$26,MATCH($D8,【你的全部獎金】!$Q$7:$Q$26,0)) -> 凱旋店 | D8: =LARGE(【你的全部獎金】!$Q$7:$Q$26,ROW(A3)) -> 45290.483 | E8: =IF(D8>=14000,"🏆全壘打",IF(D8>=10000,"⭐明星",IF(D8>=7000,"💪優秀",IF(D8>=4000,"✅合格","📈加油")))) -> 🏆全壘打 | F8: =REPT("█",MIN(20,INT(D8/1000)))&REPT("░",20-MIN(20,INT(D8/1000))) -> ████████████████████ | H8: 後昌店 | I8: 3 | J8: =SUMIF($H35:$H39,$H8,$K35:$K39) -> 41 | K8: =SUMIF($H$42:$H$46,$H8,$K$42:$K$46) -> 468.7 | L8: 53 | M8: =SUMIF(【你的全部獎金】!$A$7:$A$26,$H8,【你的全部獎金】!$Q$7:$Q$26) -> 68501.395 | N8: =IFERROR(M8/I8,0) -> 22833.798
A9: =ROW(A4) -> 4 | B9: =INDEX(【你的全部獎金】!$B$7:$B$26,MATCH($D9,【你的全部獎金】!$Q$7:$Q$26,0)) -> 黃閔聖 | C9: =INDEX(【你的全部獎金】!$A$7:$A$26,MATCH($D9,【你的全部獎金】!$Q$7:$Q$26,0)) -> 後昌店 | D9: =LARGE(【你的全部獎金】!$Q$7:$Q$26,ROW(A4)) -> 42270.014 | E9: =IF(D9>=14000,"🏆全壘打",IF(D9>=10000,"⭐明星",IF(D9>=7000,"💪優秀",IF(D9>=4000,"✅合格","📈加油")))) -> 🏆全壘打 | F9: =REPT("█",MIN(20,INT(D9/1000)))&REPT("░",20-MIN(20,INT(D9/1000))) -> ████████████████████ | H9: 仁雄店 | I9: 4 | J9: =SUMIF($H36:$H40,$H9,$K36:$K40) -> 89 | K9: =SUMIF($H$42:$H$46,$H9,$K$42:$K$46) -> 818.3 | L9: 78 | M9: =SUMIF(【你的全部獎金】!$A$7:$A$26,$H9,【你的全部獎金】!$Q$7:$Q$26) -> 90441.457 | N9: =IFERROR(M9/I9,0) -> 22610.364
A10: =ROW(A5) -> 5 | B10: =INDEX(【你的全部獎金】!$B$7:$B$26,MATCH($D10,【你的全部獎金】!$Q$7:$Q$26,0)) -> 邱雨蔚 | C10: =INDEX(【你的全部獎金】!$A$7:$A$26,MATCH($D10,【你的全部獎金】!$Q$7:$Q$26,0)) -> 陽明店 | D10: =LARGE(【你的全部獎金】!$Q$7:$Q$26,ROW(A5)) -> 36933.907 | E10: =IF(D10>=14000,"🏆全壘打",IF(D10>=10000,"⭐明星",IF(D10>=7000,"💪優秀",IF(D10>=4000,"✅合格","📈加油")))) -> 🏆全壘打 | F10: =REPT("█",MIN(20,INT(D10/1000)))&REPT("░",20-MIN(20,INT(D10/1000))) -> ████████████████████ | H10: 凱旋店 | I10: 4 | J10: =SUMIF($H37:$H41,$H10,$K37:$K41) -> 75 | K10: =SUMIF($H$42:$H$46,$H10,$K$42:$K$46) -> 672.4 | L10: 71 | M10: =SUMIF(【你的全部獎金】!$A$7:$A$26,$H10,【你的全部獎金】!$Q$7:$Q$26) -> 90937.111 | N10: =IFERROR(M10/I10,0) -> 22734.278
H11: 區督導 | I11: 黃庭鈞 | M11: =SUMIF(【你的全部獎金】!$A$7:$A$26,$H11,【你的全部獎金】!$Q$7:$Q$26) -> 45886.27
A13: 獎金等級分布 | H13: 📈 業績獎金 統計摘要
A14: 等級 | B14: 獎金範圍 | C14: 人數 | D14: 占比 | E14: 圖示 | H14: 總員工數 | I14: =SUM(I6:I10) -> 18 | J14: 人
A15: 🏆🏆 頂尖 | B15: $14,000以上 | C15: =COUNTIFS(【你的全部獎金】!$Q$7:$Q$26,">=14000") -> 13 | D15: =IFERROR(C15/19,0) -> 0.68421053 | E15: =REPT("●",C15) -> ●●●●●●●●●●●●● | H15: 總獎金 | I15: =SUM(M6:M11) -> 420328.59 | J15: 元
A16: 🏆明星 | B16: $10,000-$14000 | C16: =COUNTIFS(【你的全部獎金】!$Q$7:$Q$26,">=10000",【你的全部獎金】!$Q$7:$Q$26,"<14000") -> 2 | D16: =IFERROR(C16/19,0) -> 0.10526316 | E16: =REPT("●",C16) -> ●● | H16: 平均獎金 | I16: =I15/19 -> 22122.557 | J16: 元
A17: 💪 優秀 | B17: $7,000-$10000 | C17: =COUNTIFS(【你的全部獎金】!$Q$7:$Q$26,">=7000",【你的全部獎金】!$Q$7:$Q$26,"<10000") -> 2 | D17: =IFERROR(C17/19,0) -> 0.10526316 | E17: =REPT("●",C17) -> ●● | H17: 最高獎金 | I17: =MAX(【你的全部獎金】!Q7:Q26) -> 45886.27 | J17: 元
A18: ✅ 合格 | B18: $4,000-$7000 | C18: =COUNTIFS(【你的全部獎金】!$Q$7:$Q$26,">=4000",【你的全部獎金】!$Q$7:$Q$26,"<7000") -> 1 | D18: =IFERROR(C18/19,0) -> 0.052631579 | E18: =REPT("●",C18) -> ● | H18: 最低獎金 | I18: =MIN(【你的全部獎金】!Q7:Q26) -> 2850 | J18: 元
A19: 📈 加油 | B19: $4,000以下 | C19: =COUNTIFS(【你的全部獎金】!$Q$7:$Q$26,"<4000") -> 1 | D19: =IFERROR(C19/19,0) -> 0.052631579 | E19: =REPT("●",C19) -> ● | H19: 總AQ點數 | I19: =SUM(J6:J10) -> 368.5 | J19: 點
H21: 店毛利
I23: 店目標 | J23: 實際進度 | K23: 達成率 | L23: 獎金
B24: =100000/20 -> 5000 | H24: 鼎山店 | I24: =340000 -> 340000 | J24: 338442.49 | K24: =J24/I24 -> 0.99541909 | L24: =IF(J24<I24,"-8000","0") -> -8000
H25: 陽明店 | I25: =250000+(4762*6) -> 278572 | J25: 329851.2 | K25: =J25/I25 -> 1.1840788 | L25: =IF(J25<I25,"-8000","0") -> 0
H26: 後昌店 | I26: =240000+(4762*4) -> 259048 | J26: 325608.4 | K26: =J26/I26 -> 1.2569423 | L26: =IF(J26<I26,"-8000","0") -> 0
H27: 仁雄店 | I27: =340000 -> 340000 | J27: 420841.92 | K27: =J27/I27 -> 1.2377704 | L27: =IF(J27<I27,"-8000","0") -> 0
H28: 凱旋店 | I28: =320000+(4762*11) -> 372382 | J28: 427500.18 | K28: =J28/I28 -> 1.1480152 | L28: =IF(J28<I28,"-8000","0") -> 0
H30: AQ上線點數
I32: 台哥大目標 | J32: 0.7 | K32: 實際進度 | L32: 達成率 | M32: 獎金
H33: 鼎山店 | I33: 135 | J33: =I33*J32 -> 94.5 | K33: 98.5 | L33: =K33/J33 -> 1.042328 | M33: =IF(K33<J33,"-2500","0") -> 0
H34: 陽明店 | I34: 135 | J34: =I34*J32 -> 94.5 | K34: 65 | L34: =K34/J34 -> 0.68783069 | M34: =IF(K34<J34,"-2000","0") -> -2000
H35: 後昌店 | I35: 135 | J35: =I35*J32 -> 94.5 | K35: 41 | L35: =K35/J35 -> 0.43386243 | M35: =IF(K35<J35,"-2500","0") -> -2500
H36: 仁雄店 | I36: 135 | J36: =I36*J32 -> 94.5 | K36: 89 | L36: =K36/J36 -> 0.94179894 | M36: =IF(K36<J36,"-2500","0") -> -2500
H37: 凱旋店 | I37: 135 | J37: =I37*J32 -> 94.5 | K37: 75 | L37: =K37/J37 -> 0.79365079 | M37: =IF(K37<J37,"-2500","0") -> -2500
H39: RT上線點數
I41: 台哥大目標 | J41: 0.9 | K41: 實際進度 | L41: 達成率 | M41: 獎金
H42: 鼎山店 | I42: 1210 | J42: =I42*J41 -> 1089 | K42: 520.95 | L42: =K42/J42 -> 0.47837466 | M42: =IF(K42<J42,"-2500","0") -> -2500
H43: 陽明店 | I43: 921 | J43: =I43*J41 -> 828.9 | K43: 380.45 | L43: =K43/J43 -> 0.45898178 | M43: =IF(K43<J43,"-2000","0") -> -2000
H44: 後昌店 | I44: 921 | J44: =I44*J41 -> 828.9 | K44: 468.7 | L44: =K44/J44 -> 0.56544818 | M44: =IF(K44<J44,"-2500","0") -> -2500
H45: 仁雄店 | I45: 1210 | J45: =I45*J41 -> 1089 | K45: 818.3 | L45: =K45/J45 -> 0.75142332 | M45: =IF(K45<J45,"-2500","0") -> -2500
H46: 凱旋店 | I46: 1184 | J46: =I46*J41 -> 1065.6 | K46: 672.4 | L46: =K46/J46 -> 0.63100601 | M46: =IF(K46<J46,"-2500","0") -> -2500
H48: Netflix
I50: 台哥大目標 | J50: 0.5 | K50: 實際進度 | L50: 達成率 | M50: 獎金
H51: 鼎山店 | I51: 5 | J51: =I51/2 -> 2.5 | K51: 2 | M51: =IF(K51<J51,"-8000","0") -> -8000
H52: 陽明店 | I52: 4 | J52: =I52/2 -> 2 | K52: 0 | M52: =IF(K52<J52,"-8000","0") -> -8000
H53: 後昌店 | I53: 4 | J53: =I53/2 -> 2 | K53: 1 | M53: =IF(K53<J53,"-8000","0") -> -8000
H54: 仁雄店 | I54: 5 | J54: =I54/2 -> 2.5 | K54: 0 | M54: =IF(K54<J54,"-8000","0") -> -8000
H55: 凱旋店 | I55: 6 | J55: =I55/2 -> 3 | K55: 5 | M55: =IF(K55<J55,"-8000","0") -> 0
I56: =SUM(I51:I55) -> 24 | K56: =SUM(K51:K55) -> 8
H57: HBO Max&Disney+&Prime Video
I59: 台哥大目標 | J59: 0.5 | K59: 實際進度 | L59: 達成率 | M59: 獎金
H60: 鼎山店 | I60: 10 | J60: =I60/2 -> 5 | K60: 5 | M60: =IF(K60<J60,"-8000","0") -> 0
H61: 陽明店 | I61: 7 | J61: =I61/2 -> 3.5 | K61: 2 | M61: =IF(K61<J61,"-8000","0") -> -8000
H62: 後昌店 | I62: 9 | J62: =I62/2 -> 4.5 | K62: 4 | M62: =IF(K62<J62,"-8000","0") -> -8000
H63: 仁雄店 | I63: 8 | J63: =I63/2 -> 4 | K63: 0 | M63: =IF(K63<J63,"-8000","0") -> -8000
H64: 凱旋店 | I64: 10 | J64: =I64/2 -> 5 | K64: 9 | M64: =IF(K64<J64,"-8000","0") -> 0
I65: =SUM(I60:I64) -> 44 | K65: =SUM(K60:K64) -> 20
H66: MyVideo&KKBOX
I68: 台哥大目標 | J68: 0.5 | K68: 實際進度 | L68: 達成率 | M68: 獎金
H69: 鼎山店 | I69: 42 | J69: =I69/2 -> 21 | K69: 23.5 | M69: =IF(K69<J69,"-8000","0") -> 0
H70: 陽明店 | I70: 36 | J70: =I70/2 -> 18 | K70: 26 | M70: =IF(K70<J70,"-8000","0") -> 0
H71: 後昌店 | I71: 38 | J71: =I71/2 -> 19 | K71: 22 | M71: =IF(K71<J71,"-8000","0") -> 0
H72: 仁雄店 | I72: 38 | J72: =I72/2 -> 19 | K72: 8 | M72: =IF(K72<J72,"-8000","0") -> -8000
H73: 凱旋店 | I73: 48 | J73: =I73/2 -> 24 | K73: 32.5 | M73: =IF(K73<J73,"-8000","0") -> 0
I74: =SUM(I69:I73) -> 202 | K74: =SUM(K69:K73) -> 112
H75: Apple&Google服務
I77: 台哥大目標 | J77: 0.5 | K77: 實際進度 | L77: 達成率 | M77: 獎金
H78: 鼎山店 | I78: 16 | J78: =I78/2 -> 8 | K78: 15 | M78: =IF(K78<J78,"-8000","0") -> 0
H79: 陽明店 | I79: 13 | J79: =I79/2 -> 6.5 | K79: 18 | M79: =IF(K79<J79,"-8000","0") -> 0
H80: 後昌店 | I80: 13 | J80: =I80/2 -> 6.5 | K80: 11 | M80: =IF(K80<J80,"-8000","0") -> 0
H81: 仁雄店 | I81: 15 | J81: =I81/2 -> 7.5 | K81: 9 | M81: =IF(K81<J81,"-8000","0") -> 0
H82: 凱旋店 | I82: 16 | J82: =I82/2 -> 8 | K82: 15 | M82: =IF(K82<J82,"-8000","0") -> 0
I83: =SUM(I78:I82) -> 73 | K83: =SUM(K78:K82) -> 68

Sheet 【你的全部獎金】
R2: 表現頂尖 | S2: =_xlfn.PERCENTILE.INC($R$7:$R$25,0.8) -> 4.7959
I3: 【你的全部獎金】 | N3: 總發出獎金 | Q3: =Q27 -> 420328.59 | R3: 在進度內 | S3: =_xlfn.PERCENTILE.INC($R$7:$R$25,0.4) -> 1.8892338
R4: 狀況不佳 | S4: =_xlfn.PERCENTILE.INC($R$7:$R$25,0.15) -> 0.76923077
B5: 員工資訊 | H5: 基礎獎金 | K5: 基礎獎金 | L5: 毛利分潤獎金 | M5: 🏆 追星獎 | O5: 全壘打獎金 | P5: KPI獎金 | Q5: 你的累計獎金 | R5: KPI分數 | S5: 總積分
A6: 店點 | B6: 姓名 | C6: 職級 | D6: AQ (100元/點) | E6: AQ999 (300元/件) | F6: RT升轉 (100元/件) | G6: RT1399 (100元/件) | H6: 特維 (100元/件) | I6: 寬頻 (500元/點) | J6: OP案(限5件) 每件500元 | K6: 累計獎金 | L6: 預估月底 | M6: 預估月底 | N6: 分數 | O6: 獎金 | P6: 淨獎金 | Q6: 獎金合計 | R6: 5大項目 | S6: 總積分/130000
A7: 仁雄店 | B7: 黃傑稜 | C7: 白金級 | D7: =SUMIF(■我的基礎獎金!$A$58:$A$77,$B7,■我的基礎獎金!$B$58:$B$77) -> 3550 | E7: =SUMIF(■我的基礎獎金!$A$58:$A$77,$B7,■我的基礎獎金!$C$58:$C$77) -> 900 | F7: =SUMIF(■我的基礎獎金!$A$58:$A$77,$B7,■我的基礎獎金!$D$58:$D$77) -> 2000 | G7: =SUMIF(■我的基礎獎金!$A$58:$A$77,$B7,■我的基礎獎金!$E$58:$E$77) -> 1400 | H7: =SUMIF(■我的基礎獎金!$A$58:$A$77,$B7,■我的基礎獎金!$F$58:$F$77) -> 800 | I7: =SUMIF(■我的基礎獎金!$A$58:$A$77,$B7,■我的基礎獎金!$G$58:$G$77) -> 625 | J7: =SUMIF(■我的基礎獎金!$A$58:$A$77,$B7,■我的基礎獎金!$H$58:$H$77) -> 0 | K7: =SUM(D7:J7) -> 9275 | L7: =SUMIF('2. 毛利分潤獎金'!$B$4:$B$32,$B7,'2. 毛利分潤獎金'!$H$4:$H$32) -> 23459.168 | M7: =SUMIF('🏆 追星獎'!$C$9:$C$27,$B7,'🏆 追星獎'!$G$9:$G$27) -> 8000 | N7: =SUMIF('3. 全壘打得分表'!$B$6:$B$25,$B7,'3. 全壘打得分表'!$AC$6:$AC$25) -> 12.264384 | O7: =SUMIF('3. 全壘打得分表'!$B$6:$B$25,$B7,'3. 全壘打得分表'!$E$6:$E$25) -> 5000 | P7: =SUMIF(■我的KPI獎金!$B:$B,$B7,■我的KPI獎金!$D:$D) -> -3500 | Q7: =SUM(K7,L7,M7,O7) -> 45734.168 | R7: =S7/130000+(SUMIF(數據!$A:$A,$B7,數據!$AI:$AI)) -> 5.3091028 | S7: =SUMIF('1. 基礎獎金 + 獎金排名'!$C:$C,$B7,'1. 基礎獎金 + 獎金排名'!$O:$O)+SUMIF('2. 毛利分潤獎金'!$B:$B,$B7,'2. 毛利分潤獎金'!$D:$D) -> 690183.36
A8: 陽明店 | B8: 邱雨蔚 | C8: 銀級 | D8: =SUMIF(■我的基礎獎金!$A$58:$A$77,$B8,■我的基礎獎金!$B$58:$B$77) -> 4700 | E8: =SUMIF(■我的基礎獎金!$A$58:$A$77,$B8,■我的基礎獎金!$C$58:$C$77) -> 1200 | F8: =SUMIF(■我的基礎獎金!$A$58:$A$77,$B8,■我的基礎獎金!$D$58:$D$77) -> 1300 | G8: =SUMIF(■我的基礎獎金!$A$58:$A$77,$B8,■我的基礎獎金!$E$58:$E$77) -> 800 | H8: =SUMIF(■我的基礎獎金!$A$58:$A$77,$B8,■我的基礎獎金!$F$58:$F$77) -> 500 | I8: =SUMIF(■我的基礎獎金!$A$58:$A$77,$B8,■我的基礎獎金!$G$58:$G$77) -> 500 | J8: =SUMIF(■我的基礎獎金!$A$58:$A$77,$B8,■我的基礎獎金!$H$58:$H$77) -> 0 | K8: =SUM(D8:J8) -> 9000 | L8: =SUMIF('2. 毛利分潤獎金'!$B$4:$B$32,$B8,'2. 毛利分潤獎金'!$H$4:$H$32) -> 20933.907 | M8: =SUMIF('🏆 追星獎'!$C$9:$C$27,$B8,'🏆 追星獎'!$G$9:$G$27) -> 3000 | N8: =SUMIF('3. 全壘打得分表'!$B$6:$B$25,$B8,'3. 全壘打得分表'!$AC$6:$AC$25) -> 11.364228 | O8: =SUMIF('3. 全壘打得分表'!$B$6:$B$25,$B8,'3. 全壘打得分表'!$E$6:$E$25) -> 4000 | P8: =SUMIF(■我的KPI獎金!$B:$B,$B8,■我的KPI獎金!$D:$D) -> -3500 | Q8: =SUM(K8,L8,M8,O8) -> 36933.907 | R8: =S8/130000+(SUMIF(數據!$A:$A,$B8,數據!$AI:$AI)) -> 4.7629087 | S8: =SUMIF('1. 基礎獎金 + 獎金排名'!$C:$C,$B8,'1. 基礎獎金 + 獎金排名'!$O:$O)+SUMIF('2. 毛利分潤獎金'!$B:$B,$B8,'2. 毛利分潤獎金'!$D:$D) -> 619178.13
A9: 區督導 | B9: 黃庭鈞 | C9: 黃金級 | D9: =SUMIF(■我的基礎獎金!$A$58:$A$77,$B9,■我的基礎獎金!$B$58:$B$77) -> 1650 | E9: =SUMIF(■我的基礎獎金!$A$58:$A$77,$B9,■我的基礎獎金!$C$58:$C$77) -> 300 | F9: =SUMIF(■我的基礎獎金!$A$58:$A$77,$B9,■我的基礎獎金!$D$58:$D$77) -> 1200 | G9: =SUMIF(■我的基礎獎金!$A$58:$A$77,$B9,■我的基礎獎金!$E$58:$E$77) -> 800 | H9: =SUMIF(■我的基礎獎金!$A$58:$A$77,$B9,■我的基礎獎金!$F$58:$F$77) -> 1400 | I9: =SUMIF(■我的基礎獎金!$A$58:$A$77,$B9,■我的基礎獎金!$G$58:$G$77) -> 2125 | J9: =SUMIF(■我的基礎獎金!$A$58:$A$77,$B9,■我的基礎獎金!$H$58:$H$77) -> 500 | K9: =SUM(D9:J9) -> 7975 | L9: =SUMIF('2. 毛利分潤獎金'!$B$4:$B$32,$B9,'2. 毛利分潤獎金'!$H$4:$H$32) -> 27911.27 | M9: =SUMIF('🏆 追星獎'!$C$9:$C$27,$B9,'🏆 追星獎'!$G$9:$G$27) -> 3000 | N9: =SUMIF('3. 全壘打得分表'!$B$6:$B$25,$B9,'3. 全壘打得分表'!$AC$6:$AC$25) -> 16.49649 | O9: =SUMIF('3. 全壘打得分表'!$B$6:$B$25,$B9,'3. 全壘打得分表'!$E$6:$E$25) -> 7000 | P9: =SUMIF(■我的KPI獎金!$B:$B,$B9,■我的KPI獎金!$D:$D) -> -2500 | Q9: =SUM(K9,L9,M9,O9) -> 45886.27 | R9: =S9/130000+(SUMIF(數據!$A:$A,$B9,數據!$AI:$AI)) -> 5.5978877 | S9: =SUMIF('1. 基礎獎金 + 獎金排名'!$C:$C,$B9,'1. 基礎獎金 + 獎金排名'!$O:$O)+SUMIF('2. 毛利分潤獎金'!$B:$B,$B9,'2. 毛利分潤獎金'!$D:$D) -> 727725.4
A10: 凱旋店 | B10: 陳宛姍 | C10: 白金級 | D10: =SUMIF(■我的基礎獎金!$A$58:$A$77,$B10,■我的基礎獎金!$B$58:$B$77) -> 2200 | E10: =SUMIF(■我的基礎獎金!$A$58:$A$77,$B10,■我的基礎獎金!$C$58:$C$77) -> 600 | F10: =SUMIF(■我的基礎獎金!$A$58:$A$77,$B10,■我的基礎獎金!$D$58:$D$77) -> 1700 | G10: =SUMIF(■我的基礎獎金!$A$58:$A$77,$B10,■我的基礎獎金!$E$58:$E$77) -> 800 | H10: =SUMIF(■我的基礎獎金!$A$58:$A$77,$B10,■我的基礎獎金!$F$58:$F$77) -> 1000 | I10: =SUMIF(■我的基礎獎金!$A$58:$A$77,$B10,■我的基礎獎金!$G$58:$G$77) -> 2750 | J10: =SUMIF(■我的基礎獎金!$A$58:$A$77,$B10,■我的基礎獎金!$H$58:$H$77) -> 0 | K10: =SUM(D10:J10) -> 9050 | L10: =SUMIF('2. 毛利分潤獎金'!$B$4:$B$32,$B10,'2. 毛利分潤獎金'!$H$4:$H$32) -> 28240.483 | M10: =SUMIF('🏆 追星獎'!$C$9:$C$27,$B10,'🏆 追星獎'!$G$9:$G$27) -> 3000 | N10: =SUMIF('3. 全壘打得分表'!$B$6:$B$25,$B10,'3. 全壘打得分表'!$AC$6:$AC$25) -> 12.239602 | O10: =SUMIF('3. 全壘打得分表'!$B$6:$B$25,$B10,'3. 全壘打得分表'!$E$6:$E$25) -> 5000 | P10: =SUMIF(■我的KPI獎金!$B:$B,$B10,■我的KPI獎金!$D:$D) -> -3500 | Q10: =SUM(K10,L10,M10,O10) -> 45290.483 | R10: =S10/130000+(SUMIF(數據!$A:$A,$B10,數據!$AI:$AI)) -> 5.7869973 | S10: =SUMIF('1. 基礎獎金 + 獎金排名'!$C:$C,$B10,'1. 基礎獎金 + 獎金排名'!$O:$O)+SUMIF('2. 毛利分潤獎金'!$B:$B,$B10,'2. 毛利分潤獎金'!$D:$D) -> 752309.65
A11: 後昌店 | B11: 黃閔聖 | C11: 銀級 | D11: =SUMIF(■我的基礎獎金!$A$58:$A$77,$B11,■我的基礎獎金!$B$58:$B$77) -> 1200 | E11: =SUMIF(■我的基礎獎金!$A$58:$A$77,$B11,■我的基礎獎金!$C$58:$C$77) -> 0 | F11: =SUMIF(■我的基礎獎金!$A$58:$A$77,$B11,■我的基礎獎金!$D$58:$D$77) -> 1000 | G11: =SUMIF(■我的基礎獎金!$A$58:$A$77,$B11,■我的基礎獎金!$E$58:$E$77) -> 600 | H11: =SUMIF(■我的基礎獎金!$A$58:$A$77,$B11,■我的基礎獎金!$F$58:$F$77) -> 1000 | I11: =SUMIF(■我的基礎獎金!$A$58:$A$77,$B11,■我的基礎獎金!$G$58:$G$77) -> 750 | J11: =SUMIF(■我的基礎獎金!$A$58:$A$77,$B11,■我的基礎獎金!$H$58:$H$77) -> 0 | K11: =SUM(D11:J11) -> 4550 | L11: =SUMIF('2. 毛利分潤獎金'!$B$4:$B$32,$B11,'2. 毛利分潤獎金'!$H$4:$H$32) -> 25720.014 | M11: =SUMIF('🏆 追星獎'!$C$9:$C$27,$B11,'🏆 追星獎'!$G$9:$G$27) -> 8000 | N11: =SUMIF('3. 全壘打得分表'!$B$6:$B$25,$B11,'3. 全壘打得分表'!$AC$6:$AC$25) -> 10.45549 | O11: =SUMIF('3. 全壘打得分表'!$B$6:$B$25,$B11,'3. 全壘打得分表'!$E$6:$E$25) -> 4000 | P11: =SUMIF(■我的KPI獎金!$B:$B,$B11,■我的KPI獎金!$D:$D) -> -2500 | Q11: =SUM(K11,L11,M11,O11) -> 42270.014 | R11: =S11/130000+(SUMIF(數據!$A:$A,$B11,數據!$AI:$AI)) -> 4.8453868 | S11: =SUMIF('1. 基礎獎金 + 獎金排名'!$C:$C,$B11,'1. 基礎獎金 + 獎金排名'!$O:$O)+SUMIF('2. 毛利分潤獎金'!$B:$B,$B11,'2. 毛利分潤獎金'!$D:$D) -> 629900.29
A12: 鼎山店 | B12: 陳亭安 | C12: 銀級 | D12: =SUMIF(■我的基礎獎金!$A$58:$A$77,$B12,■我的基礎獎金!$B$58:$B$77) -> 2350 | E12: =SUMIF(■我的基礎獎金!$A$58:$A$77,$B12,■我的基礎獎金!$C$58:$C$77) -> 600 | F12: =SUMIF(■我的基礎獎金!$A$58:$A$77,$B12,■我的基礎獎金!$D$58:$D$77) -> 1100 | G12: =SUMIF(■我的基礎獎金!$A$58:$A$77,$B12,■我的基礎獎金!$E$58:$E$77) -> 1100 | H12: =SUMIF(■我的基礎獎金!$A$58:$A$77,$B12,■我的基礎獎金!$F$58:$F$77) -> 700 | I12: =SUMIF(■我的基礎獎金!$A$58:$A$77,$B12,■我的基礎獎金!$G$58:$G$77) -> 0 | J12: =SUMIF(■我的基礎獎金!$A$58:$A$77,$B12,■我的基礎獎金!$H$58:$H$77) -> 0 | K12: =SUM(D12:J12) -> 5850 | L12: =SUMIF('2. 毛利分潤獎金'!$B$4:$B$32,$B12,'2. 毛利分潤獎金'!$H$4:$H$32) -> 10374.465 | M12: =SUMIF('🏆 追星獎'!$C$9:$C$27,$B12,'🏆 追星獎'!$G$9:$G$27) -> 0 | N12: =SUMIF('3. 全壘打得分表'!$B$6:$B$25,$B12,'3. 全壘打得分表'!$AC$6:$AC$25) -> 13.559183 | O12: =SUMIF('3. 全壘打得分表'!$B$6:$B$25,$B12,'3. 全壘打得分表'!$E$6:$E$25) -> 5000 | P12: =SUMIF(■我的KPI獎金!$B:$B,$B12,■我的KPI獎金!$D:$D) -> -2500 | Q12: =SUM(K12,L12,M12,O12) -> 21224.465 | R12: =S12/130000+(SUMIF(數據!$A:$A,$B12,數據!$AI:$AI)) -> 2.7172254 | S12: =SUMIF('1. 基礎獎金 + 獎金排名'!$C:$C,$B12,'1. 基礎獎金 + 獎金排名'!$O:$O)+SUMIF('2. 毛利分潤獎金'!$B:$B,$B12,'2. 毛利分潤獎金'!$D:$D) -> 353239.3
A13: 鼎山店 | B13: 劉家妘 | C13: 白金級 | D13: =SUMIF(■我的基礎獎金!$A$58:$A$77,$B13,■我的基礎獎金!$B$58:$B$77) -> 2550 | E13: =SUMIF(■我的基礎獎金!$A$58:$A$77,$B13,■我的基礎獎金!$C$58:$C$77) -> 900 | F13: =SUMIF(■我的基礎獎金!$A$58:$A$77,$B13,■我的基礎獎金!$D$58:$D$77) -> 500 | G13: =SUMIF(■我的基礎獎金!$A$58:$A$77,$B13,■我的基礎獎金!$E$58:$E$77) -> 700 | H13: =SUMIF(■我的基礎獎金!$A$58:$A$77,$B13,■我的基礎獎金!$F$58:$F$77) -> 1000 | I13: =SUMIF(■我的基礎獎金!$A$58:$A$77,$B13,■我的基礎獎金!$G$58:$G$77) -> 0 | J13: =SUMIF(■我的基礎獎金!$A$58:$A$77,$B13,■我的基礎獎金!$H$58:$H$77) -> 0 | K13: =SUM(D13:J13) -> 5650 | L13: =SUMIF('2. 毛利分潤獎金'!$B$4:$B$32,$B13,'2. 毛利分潤獎金'!$H$4:$H$32) -> 15501.341 | M13: =SUMIF('🏆 追星獎'!$C$9:$C$27,$B13,'🏆 追星獎'!$G$9:$G$27) -> 3000 | N13: =SUMIF('3. 全壘打得分表'!$B$6:$B$25,$B13,'3. 全壘打得分表'!$AC$6:$AC$25) -> 9.5491031 | O13: =SUMIF('3. 全壘打得分表'!$B$6:$B$25,$B13,'3. 全壘打得分表'!$E$6:$E$25) -> 3000 | P13: =SUMIF(■我的KPI獎金!$B:$B,$B13,■我的KPI獎金!$D:$D) -> -2500 | Q13: =SUM(K13,L13,M13,O13) -> 27151.341 | R13: =S13/130000+(SUMIF(數據!$A:$A,$B13,數據!$AI:$AI)) -> 3.3828986 | S13: =SUMIF('1. 基礎獎金 + 獎金排名'!$C:$C,$B13,'1. 基礎獎金 + 獎金排名'!$O:$O)+SUMIF('2. 毛利分潤獎金'!$B:$B,$B13,'2. 毛利分潤獎金'!$D:$D) -> 439776.81
A14: 凱旋店 | B14: 黃子珊 | C14: 銀級 | D14: =SUMIF(■我的基礎獎金!$A$58:$A$77,$B14,■我的基礎獎金!$B$58:$B$77) -> 2550 | E14: =SUMIF(■我的基礎獎金!$A$58:$A$77,$B14,■我的基礎獎金!$C$58:$C$77) -> 600 | F14: =SUMIF(■我的基礎獎金!$A$58:$A$77,$B14,■我的基礎獎金!$D$58:$D$77) -> 1100 | G14: =SUMIF(■我的基礎獎金!$A$58:$A$77,$B14,■我的基礎獎金!$E$58:$E$77) -> 700 | H14: =SUMIF(■我的基礎獎金!$A$58:$A$77,$B14,■我的基礎獎金!$F$58:$F$77) -> 900 | I14: =SUMIF(■我的基礎獎金!$A$58:$A$77,$B14,■我的基礎獎金!$G$58:$G$77) -> 1000 | J14: =SUMIF(■我的基礎獎金!$A$58:$A$77,$B14,■我的基礎獎金!$H$58:$H$77) -> 0 | K14: =SUM(D14:J14) -> 6850 | L14: =SUMIF('2. 毛利分潤獎金'!$B$4:$B$32,$B14,'2. 毛利分潤獎金'!$H$4:$H$32) -> 10024.66 | M14: =SUMIF('🏆 追星獎'!$C$9:$C$27,$B14,'🏆 追星獎'!$G$9:$G$27) -> 3000 | N14: =SUMIF('3. 全壘打得分表'!$B$6:$B$25,$B14,'3. 全壘打得分表'!$AC$6:$AC$25) -> 10.831384 | O14: =SUMIF('3. 全壘打得分表'!$B$6:$B$25,$B14,'3. 全壘打得分表'!$E$6:$E$25) -> 4000 | P14: =SUMIF(■我的KPI獎金!$B:$B,$B14,■我的KPI獎金!$D:$D) -> -4000 | Q14: =SUM(K14,L14,M14,O14) -> 23874.66 | R14: =S14/130000+(SUMIF(數據!$A:$A,$B14,數據!$AI:$AI)) -> 2.73264 | S14: =SUMIF('1. 基礎獎金 + 獎金排名'!$C:$C,$B14,'1. 基礎獎金 + 獎金排名'!$O:$O)+SUMIF('2. 毛利分潤獎金'!$B:$B,$B14,'2. 毛利分潤獎金'!$D:$D) -> 355243.2
A15: 後昌店 | B15: 郭家維 | C15: 銅級 | D15: =SUMIF(■我的基礎獎金!$A$58:$A$77,$B15,■我的基礎獎金!$B$58:$B$77) -> 1550 | E15: =SUMIF(■我的基礎獎金!$A$58:$A$77,$B15,■我的基礎獎金!$C$58:$C$77) -> 300 | F15: =SUMIF(■我的基礎獎金!$A$58:$A$77,$B15,■我的基礎獎金!$D$58:$D$77) -> 1300 | G15: =SUMIF(■我的基礎獎金!$A$58:$A$77,$B15,■我的基礎獎金!$E$58:$E$77) -> 800 | H15: =SUMIF(■我的基礎獎金!$A$58:$A$77,$B15,■我的基礎獎金!$F$58:$F$77) -> 1000 | I15: =SUMIF(■我的基礎獎金!$A$58:$A$77,$B15,■我的基礎獎金!$G$58:$G$77) -> 1375 | J15: =SUMIF(■我的基礎獎金!$A$58:$A$77,$B15,■我的基礎獎金!$H$58:$H$77) -> 0 | K15: =SUM(D15:J15) -> 6325 | L15: =SUMIF('2. 毛利分潤獎金'!$B$4:$B$32,$B15,'2. 毛利分潤獎金'!$H$4:$H$32) -> 8606.3806 | M15: =SUMIF('🏆 追星獎'!$C$9:$C$27,$B15,'🏆 追星獎'!$G$9:$G$27) -> 0 | N15: =SUMIF('3. 全壘打得分表'!$B$6:$B$25,$B15,'3. 全壘打得分表'!$AC$6:$AC$25) -> 13.148375 | O15: =SUMIF('3. 全壘打得分表'!$B$6:$B$25,$B15,'3. 全壘打得分表'!$E$6:$E$25) -> 5000 | P15: =SUMIF(■我的KPI獎金!$B:$B,$B15,■我的KPI獎金!$D:$D) -> -4000 | Q15: =SUM(K15,L15,M15,O15) -> 19931.381 | R15: =S15/130000+(SUMIF(數據!$A:$A,$B15,數據!$AI:$AI)) -> 2.4432893 | S15: =SUMIF('1. 基礎獎金 + 獎金排名'!$C:$C,$B15,'1. 基礎獎金 + 獎金排名'!$O:$O)+SUMIF('2. 毛利分潤獎金'!$B:$B,$B15,'2. 毛利分潤獎金'!$D:$D) -> 317627.61
A16: 仁雄店 | B16: 石佳穎 | C16: 銀級 | D16: =SUMIF(■我的基礎獎金!$A$58:$A$77,$B16,■我的基礎獎金!$B$58:$B$77) -> 1450 | E16: =SUMIF(■我的基礎獎金!$A$58:$A$77,$B16,■我的基礎獎金!$C$58:$C$77) -> 300 | F16: =SUMIF(■我的基礎獎金!$A$58:$A$77,$B16,■我的基礎獎金!$D$58:$D$77) -> 700 | G16: =SUMIF(■我的基礎獎金!$A$58:$A$77,$B16,■我的基礎獎金!$E$58:$E$77) -> 700 | H16: =SUMIF(■我的基礎獎金!$A$58:$A$77,$B16,■我的基礎獎金!$F$58:$F$77) -> 500 | I16: =SUMIF(■我的基礎獎金!$A$58:$A$77,$B16,■我的基礎獎金!$G$58:$G$77) -> 0 | J16: =SUMIF(■我的基礎獎金!$A$58:$A$77,$B16,■我的基礎獎金!$H$58:$H$77) -> 0 | K16: =SUM(D16:J16) -> 3650 | L16: =SUMIF('2. 毛利分潤獎金'!$B$4:$B$32,$B16,'2. 毛利分潤獎金'!$H$4:$H$32) -> 8287.5998 | M16: =SUMIF('🏆 追星獎'!$C$9:$C$27,$B16,'🏆 追星獎'!$G$9:$G$27) -> 0 | N16: =SUMIF('3. 全壘打得分表'!$B$6:$B$25,$B16,'3. 全壘打得分表'!$AC$6:$AC$25) -> 7.6515409 | O16: =SUMIF('3. 全壘打得分表'!$B$6:$B$25,$B16,'3. 全壘打得分表'!$E$6:$E$25) -> 0 | P16: =SUMIF(■我的KPI獎金!$B:$B,$B16,■我的KPI獎金!$D:$D) -> -4000 | Q16: =SUM(K16,L16,M16,O16) -> 11937.6 | R16: =S16/130000+(SUMIF(數據!$A:$A,$B16,數據!$AI:$AI)) -> 1.992323 | S16: =SUMIF('1. 基礎獎金 + 獎金排名'!$C:$C,$B16,'1. 基礎獎金 + 獎金排名'!$O:$O)+SUMIF('2. 毛利分潤獎金'!$B:$B,$B16,'2. 毛利分潤獎金'!$D:$D) -> 259002
A17: 鼎山店 | B17: 彥州 | C17: 石頭 | D17: =SUMIF(■我的基礎獎金!$A$58:$A$77,$B17,■我的基礎獎金!$B$58:$B$77) -> 3450 | E17: =SUMIF(■我的基礎獎金!$A$58:$A$77,$B17,■我的基礎獎金!$C$58:$C$77) -> 900 | F17: =SUMIF(■我的基礎獎金!$A$58:$A$77,$B17,■我的基礎獎金!$D$58:$D$77) -> 500 | G17: =SUMIF(■我的基礎獎金!$A$58:$A$77,$B17,■我的基礎獎金!$E$58:$E$77) -> 300 | H17: =SUMIF(■我的基礎獎金!$A$58:$A$77,$B17,■我的基礎獎金!$F$58:$F$77) -> 900 | I17: =SUMIF(■我的基礎獎金!$A$58:$A$77,$B17,■我的基礎獎金!$G$58:$G$77) -> 0 | J17: =SUMIF(■我的基礎獎金!$A$58:$A$77,$B17,■我的基礎獎金!$H$58:$H$77) -> 500 | K17: =SUM(D17:J17) -> 6550 | L17: =SUMIF('2. 毛利分潤獎金'!$B$4:$B$32,$B17,'2. 毛利分潤獎金'!$H$4:$H$32) -> 5000 | M17: =SUMIF('🏆 追星獎'!$C$9:$C$27,$B17,'🏆 追星獎'!$G$9:$G$27) -> 0 | N17: =SUMIF('3. 全壘打得分表'!$B$6:$B$25,$B17,'3. 全壘打得分表'!$AC$6:$AC$25) -> 9.3751481 | O17: =SUMIF('3. 全壘打得分表'!$B$6:$B$25,$B17,'3. 全壘打得分表'!$E$6:$E$25) -> 3000 | P17: =SUMIF(■我的KPI獎金!$B:$B,$B17,■我的KPI獎金!$D:$D) -> -3500 | Q17: =SUM(K17,L17,M17,O17) -> 14550 | R17: =S17/130000+(SUMIF(數據!$A:$A,$B17,數據!$AI:$AI)) -> 1.8634615 | S17: =SUMIF('1. 基礎獎金 + 獎金排名'!$C:$C,$B17,'1. 基礎獎金 + 獎金排名'!$O:$O)+SUMIF('2. 毛利分潤獎金'!$B:$B,$B17,'2. 毛利分潤獎金'!$D:$D) -> 242250
A18: 凱旋店 | B18: 林瑞獻 | C18: 石頭 | D18: =SUMIF(■我的基礎獎金!$A$58:$A$77,$B18,■我的基礎獎金!$B$58:$B$77) -> 1200 | E18: =SUMIF(■我的基礎獎金!$A$58:$A$77,$B18,■我的基礎獎金!$C$58:$C$77) -> 300 | F18: =SUMIF(■我的基礎獎金!$A$58:$A$77,$B18,■我的基礎獎金!$D$58:$D$77) -> 1000 | G18: =SUMIF(■我的基礎獎金!$A$58:$A$77,$B18,■我的基礎獎金!$E$58:$E$77) -> 200 | H18: =SUMIF(■我的基礎獎金!$A$58:$A$77,$B18,■我的基礎獎金!$F$58:$F$77) -> 500 | I18: =SUMIF(■我的基礎獎金!$A$58:$A$77,$B18,■我的基礎獎金!$G$58:$G$77) -> 1250 | J18: =SUMIF(■我的基礎獎金!$A$58:$A$77,$B18,■我的基礎獎金!$H$58:$H$77) -> 0 | K18: =SUM(D18:J18) -> 4450 | L18: =SUMIF('2. 毛利分潤獎金'!$B$4:$B$32,$B18,'2. 毛利分潤獎金'!$H$4:$H$32) -> 6621.9689 | M18: =SUMIF('🏆 追星獎'!$C$9:$C$27,$B18,'🏆 追星獎'!$G$9:$G$27) -> 0 | N18: =SUMIF('3. 全壘打得分表'!$B$6:$B$25,$B18,'3. 全壘打得分表'!$AC$6:$AC$25) -> 8.0263889 | O18: =SUMIF('3. 全壘打得分表'!$B$6:$B$25,$B18,'3. 全壘打得分表'!$E$6:$E$25) -> 3000 | P18: =SUMIF(■我的KPI獎金!$B:$B,$B18,■我的KPI獎金!$D:$D) -> -4000 | Q18: =SUM(K18,L18,M18,O18) -> 14071.969 | R18: =S18/130000+(SUMIF(數據!$A:$A,$B18,數據!$AI:$AI)) -> 1.7379952 | S18: =SUMIF('1. 基礎獎金 + 獎金排名'!$C:$C,$B18,'1. 基礎獎金 + 獎金排名'!$O:$O)+SUMIF('2. 毛利分潤獎金'!$B:$B,$B18,'2. 毛利分潤獎金'!$D:$D) -> 225939.38
... A25: 陽明店 | B25: 劉芳廷 | C25: 銀級 | D25: =SUMIF(■我的基礎獎金!$A$58:$A$77,$B25,■我的基礎獎金!$B$58:$B$77) -> 1350 | E25: =SUMIF(■我的基礎獎金!$A$58:$A$77,$B25,■我的基礎獎金!$C$58:$C$77) -> 300 | F25: =SUMIF(■我的基礎獎金!$A$58:$A$77,$B25,■我的基礎獎金!$D$58:$D$77) -> 400 | G25: =SUMIF(■我的基礎獎金!$A$58:$A$77,$B25,■我的基礎獎金!$E$58:$E$77) -> 600 | H25: =SUMIF(■我的基礎獎金!$A$58:$A$77,$B25,■我的基礎獎金!$F$58:$F$77) -> 200 | I25: =SUMIF(■我的基礎獎金!$A$58:$A$77,$B25,■我的基礎獎金!$G$58:$G$77) -> 0 | J25: =SUMIF(■我的基礎獎金!$A$58:$A$77,$B25,■我的基礎獎金!$H$58:$H$77) -> 0 | K25: =SUM(D25:J25) -> 2850 | L25: =SUMIF('2. 毛利分潤獎金'!$B$4:$B$32,$B25,'2. 毛利分潤獎金'!$H$4:$H$32) -> 0 | M25: =SUMIF('🏆 追星獎'!$C$9:$C$27,$B25,'🏆 追星獎'!$G$9:$G$27) -> 0 | N25: =SUMIF('3. 全壘打得分表'!$B$6:$B$25,$B25,'3. 全壘打得分表'!$AC$6:$AC$25) -> 5.7414557 | O25: =SUMIF('3. 全壘打得分表'!$B$6:$B$25,$B25,'3. 全壘打得分表'!$E$6:$E$25) -> 0 | P25: =SUMIF(■我的KPI獎金!$B:$B,$B25,■我的KPI獎金!$D:$D) -> -4500 | Q25: =SUM(K25,L25,M25,O25) -> 2850 | R25: =S25/130000+(SUMIF(數據!$A:$A,$B25,數據!$AI:$AI)) -> 0.53653846 | S25: =SUMIF('1. 基礎獎金 + 獎金排名'!$C:$C,$B25,'1. 基礎獎金 + 獎金排名'!$O:$O)+SUMIF('2. 毛利分潤獎金'!$B:$B,$B25,'2. 毛利分潤獎金'!$D:$D) -> 69750
A27: 總計 | D27: =SUM(D7:D26) -> 37100 | E27: =SUM(E7:E26) -> 9000 | F27: =SUM(F7:F26) -> 19200 | G27: =SUM(G7:G26) -> 12500 | H27: =SUM(H7:H26) -> 13900 | I27: =SUM(I7:I26) -> 13375 | J27: =SUM(J7:J26) -> 1000 | K27: =SUM(K7:K26) -> 106075 | ... Q27: =SUM(Q7:Q26) -> 420328.59
Q34: =Q27/21000000 -> 0.020015647

Sheet 1. 基礎獎金 + 獎金排名
A1: 🏆 基礎獎金工作表 VS 獎金排名
A2: 📊 KPI分數 = 全項總積分 ÷ 130,000 | 📊 積分倍數：AQ×25倍 RT×30倍 手機×15倍 | 排名高 = 貢獻度高！
A3: 📋 員工資訊 | E3: 🎯 AQ積分(×10) | H3: 📊 RT積分(×20) | L3: 💰 其他積分 | O3: 🏅 KPI排名結果
A4: 排名 | B4: 店點 | C4: 姓名 | D4: 職級 | E4: AQ獎金 | F4: AQ積分 (×25倍) | G4: AQ999+ | H4: RT升轉 (100元/件) | I4: RT1399 (100元/件) | J4: 特維 (100元/件) | K4: RT積分 (×30倍) | L4: 寬頻 (500元/點) | M4: OP案(限5件) 每件500元 | N4: 寬頻OP積分(×10倍) | O4: 你的總積分 | P4: KPI分數 | Q4: 基礎獎金 | R4: 達成狀態
A5: =RANK(P5,P$5:P$23,0) -> 10 | B5: =【你的全部獎金】!A23 -> 仁雄店 | C5: =【你的全部獎金】!B23 -> 郭紳鴻 | D5: =【你的全部獎金】!C23 -> 銅級 | E5: =SUMIF(【你的全部獎金】!$B$7:$B$26,$C5,【你的全部獎金】!$D$7:$D$26) -> 1150 | F5: =E5*25 -> 28750 | G5: =SUMIF(【你的全部獎金】!$B$7:$B$26,$C5,【你的全部獎金】!$E$7:$E$26) -> 300 | H5: =SUMIF(【你的全部獎金】!$B$7:$B$26,$C5,【你的全部獎金】!$F$7:$F$26) -> 1300 | I5: =SUMIF(【你的全部獎金】!$B$7:$B$26,$C5,【你的全部獎金】!$G$7:$G$26) -> 700 | J5: =SUMIF(【你的全部獎金】!$B$7:$B$26,$C5,【你的全部獎金】!$H$7:$H$26) -> 700 | K5: =SUM(H5,I5,J5)*30 -> 81000 | L5: =SUMIF(【你的全部獎金】!$B$7:$B$26,$C5,【你的全部獎金】!$I$7:$I$26) -> 1250 | M5: =SUMIF(【你的全部獎金】!$B$7:$B$26,$C5,【你的全部獎金】!$J$7:$J$26) -> 0 | N5: =SUM(L5,M5)*10 -> 12500 | O5: =SUM(F5,K5,N5) -> 122250 | P5: =O5/130000 -> 0.94038462 | Q5: =SUM(E5,G5,I5,J5,H5,L5) -> 5400 | R5: =REPT("█",MIN(20,INT(P5*2)))&REPT("░",20-MIN(20,INT(P5*2))) -> █░░░░░░░░░░░░░░░░░░░
A6: =RANK(P6,P$5:P$23,0) -> 6 | B6: =【你的全部獎金】!A12 -> 鼎山店 | C6: =【你的全部獎金】!B12 -> 陳亭安 | D6: =【你的全部獎金】!C12 -> 銀級 | E6: =SUMIF(【你的全部獎金】!$B$7:$B$26,$C6,【你的全部獎金】!$D$7:$D$26) -> 2350 | F6: =E6*25 -> 58750 | G6: =SUMIF(【你的全部獎金】!$B$7:$B$26,$C6,【你的全部獎金】!$E$7:$E$26) -> 600 | H6: =SUMIF(【你的全部獎金】!$B$7:$B$26,$C6,【你的全部獎金】!$F$7:$F$26) -> 1100 | I6: =SUMIF(【你的全部獎金】!$B$7:$B$26,$C6,【你的全部獎金】!$G$7:$G$26) -> 1100 | J6: =SUMIF(【你的全部獎金】!$B$7:$B$26,$C6,【你的全部獎金】!$H$7:$H$26) -> 700 | K6: =SUM(H6,I6,J6)*30 -> 87000 | L6: =SUMIF(【你的全部獎金】!$B$7:$B$26,$C6,【你的全部獎金】!$I$7:$I$26) -> 0 | M6: =SUMIF(【你的全部獎金】!$B$7:$B$26,$C6,【你的全部獎金】!$J$7:$J$26) -> 0 | N6: =SUM(L6,M6)*10 -> 0 | O6: =SUM(F6,K6,N6) -> 145750 | P6: =O6/130000 -> 1.1211538 | Q6: =SUM(E6,G6,I6,J6,H6,L6) -> 5850 | R6: =REPT("█",MIN(20,INT(P6*2)))&REPT("░",20-MIN(20,INT(P6*2))) -> ██░░░░░░░░░░░░░░░░░░
A7: =RANK(P7,P$5:P$23,0) -> 5 | B7: =【你的全部獎金】!A14 -> 凱旋店 | C7: =【你的全部獎金】!B14 -> 黃子珊 | D7: =【你的全部獎金】!C14 -> 銀級 | E7: =SUMIF(【你的全部獎金】!$B$7:$B$26,$C7,【你的全部獎金】!$D$7:$D$26) -> 2550 | F7: =E7*25 -> 63750 | G7: =SUMIF(【你的全部獎金】!$B$7:$B$26,$C7,【你的全部獎金】!$E$7:$E$26) -> 600 | H7: =SUMIF(【你的全部獎金】!$B$7:$B$26,$C7,【你的全部獎金】!$F$7:$F$26) -> 1100 | I7: =SUMIF(【你的全部獎金】!$B$7:$B$26,$C7,【你的全部獎金】!$G$7:$G$26) -> 700 | J7: =SUMIF(【你的全部獎金】!$B$7:$B$26,$C7,【你的全部獎金】!$H$7:$H$26) -> 900 | K7: =SUM(H7,I7,J7)*30 -> 81000 | L7: =SUMIF(【你的全部獎金】!$B$7:$B$26,$C7,【你的全部獎金】!$I$7:$I$26) -> 1000 | M7: =SUMIF(【你的全部獎金】!$B$7:$B$26,$C7,【你的全部獎金】!$J$7:$J$26) -> 0 | N7: =SUM(L7,M7)*10 -> 10000 | O7: =SUM(F7,K7,N7) -> 154750 | P7: =O7/130000 -> 1.1903846 | Q7: =SUM(E7,G7,I7,J7,H7,L7) -> 6850 | R7: =REPT("█",MIN(20,INT(P7*2)))&REPT("░",20-MIN(20,INT(P7*2))) -> ██░░░░░░░░░░░░░░░░░░
A8: =RANK(P8,P$5:P$23,0) -> 14 | B8: =【你的全部獎金】!A18 -> 凱旋店 | C8: =【你的全部獎金】!B18 -> 林瑞獻 | D8: =【你的全部獎金】!C18 -> 石頭 | E8: =SUMIF(【你的全部獎金】!$B$7:$B$26,$C8,【你的全部獎金】!$D$7:$D$26) -> 1200 | F8: =E8*25 -> 30000 | G8: =SUMIF(【你的全部獎金】!$B$7:$B$26,$C8,【你的全部獎金】!$E$7:$E$26) -> 300 | H8: =SUMIF(【你的全部獎金】!$B$7:$B$26,$C8,【你的全部獎金】!$F$7:$F$26) -> 1000 | I8: =SUMIF(【你的全部獎金】!$B$7:$B$26,$C8,【你的全部獎金】!$G$7:$G$26) -> 200 | J8: =SUMIF(【你的全部獎金】!$B$7:$B$26,$C8,【你的全部獎金】!$H$7:$H$26) -> 500 | K8: =SUM(H8,I8,J8)*30 -> 51000 | L8: =SUMIF(【你的全部獎金】!$B$7:$B$26,$C8,【你的全部獎金】!$I$7:$I$26) -> 1250 | M8: =SUMIF(【你的全部獎金】!$B$7:$B$26,$C8,【你的全部獎金】!$J$7:$J$26) -> 0 | N8: =SUM(L8,M8)*10 -> 12500 | O8: =SUM(F8,K8,N8) -> 93500 | P8: =O8/130000 -> 0.71923077 | Q8: =SUM(E8,G8,I8,J8,H8,L8) -> 4450 | R8: =REPT("█",MIN(20,INT(P8*2)))&REPT("░",20-MIN(20,INT(P8*2))) -> █░░░░░░░░░░░░░░░░░░░
A9: =RANK(P9,P$5:P$23,0) -> 18 | B9: =【你的全部獎金】!A21 -> 凱旋店 | C9: =【你的全部獎金】!B21 -> 劉宗翰 | D9: =【你的全部獎金】!C21 -> 小石頭 | E9: =SUMIF(【你的全部獎金】!$B$7:$B$26,$C9,【你的全部獎金】!$D$7:$D$26) -> 800 | F9: =E9*25 -> 20000 | G9: =SUMIF(【你的全部獎金】!$B$7:$B$26,$C9,【你的全部獎金】!$E$7:$E$26) -> 0 | H9: =SUMIF(【你的全部獎金】!$B$7:$B$26,$C9,【你的全部獎金】!$F$7:$F$26) -> 1100 | I9: =SUMIF(【你的全部獎金】!$B$7:$B$26,$C9,【你的全部獎金】!$G$7:$G$26) -> 500 | J9: =SUMIF(【你的全部獎金】!$B$7:$B$26,$C9,【你的全部獎金】!$H$7:$H$26) -> 300 | K9: =SUM(H9,I9,J9)*30 -> 57000 | L9: =SUMIF(【你的全部獎金】!$B$7:$B$26,$C9,【你的全部獎金】!$I$7:$I$26) -> 0 | M9: =SUMIF(【你的全部獎金】!$B$7:$B$26,$C9,【你的全部獎金】!$J$7:$J$26) -> 0 | N9: =SUM(L9,M9)*10 -> 0 | O9: =SUM(F9,K9,N9) -> 77000 | P9: =O9/130000 -> 0.59230769 | Q9: =SUM(E9,G9,I9,J9,H9,L9) -> 2700 | R9: =REPT("█",MIN(20,INT(P9*2)))&REPT("░",20-MIN(20,INT(P9*2))) -> █░░░░░░░░░░░░░░░░░░░
A10: =RANK(P10,P$5:P$23,0) -> 19 | B10: =【你的全部獎金】!A25 -> 陽明店 | C10: =【你的全部獎金】!B25 -> 劉芳廷 | D10: =【你的全部獎金】!C25 -> 銀級 | E10: =SUMIF(【你的全部獎金】!$B$7:$B$26,$C10,【你的全部獎金】!$D$7:$D$26) -> 1350 | F10: =E10*25 -> 33750 | G10: =SUMIF(【你的全部獎金】!$B$7:$B$26,$C10,【你的全部獎金】!$E$7:$E$26) -> 300 | H10: =SUMIF(【你的全部獎金】!$B$7:$B$26,$C10,【你的全部獎金】!$F$7:$F$26) -> 400 | I10: =SUMIF(【你的全部獎金】!$B$7:$B$26,$C10,【你的全部獎金】!$G$7:$G$26) -> 600 | J10: =SUMIF(【你的全部獎金】!$B$7:$B$26,$C10,【你的全部獎金】!$H$7:$H$26) -> 200 | K10: =SUM(H10,I10,J10)*30 -> 36000 | L10: =SUMIF(【你的全部獎金】!$B$7:$B$26,$C10,【你的全部獎金】!$I$7:$I$26) -> 0 | M10: =SUMIF(【你的全部獎金】!$B$7:$B$26,$C10,【你的全部獎金】!$J$7:$J$26) -> 0 | N10: =SUM(L10,M10)*10 -> 0 | O10: =SUM(F10,K10,N10) -> 69750 | P10: =O10/130000 -> 0.53653846 | Q10: =SUM(E10,G10,I10,J10,H10,L10) -> 2850 | R10: =REPT("█",MIN(20,INT(P10*2)))&REPT("░",20-MIN(20,INT(P10*2))) -> █░░░░░░░░░░░░░░░░░░░
A11: =RANK(P11,P$5:$P$23,0) -> 3 | B11: =【你的全部獎金】!A10 -> 凱旋店 | C11: =【你的全部獎金】!B10 -> 陳宛姍 | D11: =【你的全部獎金】!C10 -> 白金級 | E11: =SUMIF(【你的全部獎金】!$B$7:$B$26,$C11,【你的全部獎金】!$D$7:$D$26) -> 2200 | F11: =E11*25 -> 55000 | G11: =SUMIF(【你的全部獎金】!$B$7:$B$26,$C11,【你的全部獎金】!$E$7:$E$26) -> 600 | H11: =SUMIF(【你的全部獎金】!$B$7:$B$26,$C11,【你的全部獎金】!$F$7:$F$26) -> 1700 | I11: =SUMIF(【你的全部獎金】!$B$7:$B$26,$C11,【你的全部獎金】!$G$7:$G$26) -> 800 | J11: =SUMIF(【你的全部獎金】!$B$7:$B$26,$C11,【你的全部獎金】!$H$7:$H$26) -> 1000 | K11: =SUM(H11,I11,J11)*30 -> 105000 | L11: =SUMIF(【你的全部獎金】!$B$7:$B$26,$C11,【你的全部獎金】!$I$7:$I$26) -> 2750 | M11: =SUMIF(【你的全部獎金】!$B$7:$B$26,$C11,【你的全部獎金】!$J$7:$J$26) -> 0 | N11: =SUM(L11,M11)*10 -> 27500 | O11: =SUM(F11,K11,N11) -> 187500 | P11: =O11/130000 -> 1.4423077 | Q11: =SUM(E11,G11,I11,J11,H11,L11) -> 9050
A12: =RANK(P12,P$5:P$23,0) -> 9 | B12: =【你的全部獎金】!A13 -> 鼎山店 | C12: =【你的全部獎金】!B13 -> 劉家妘 | D12: =【你的全部獎金】!C13 -> 白金級 | E12: =SUMIF(【你的全部獎金】!$B$7:$B$26,$C12,【你的全部獎金】!$D$7:$D$26) -> 2550 | F12: =E12*25 -> 63750 | G12: =SUMIF(【你的全部獎金】!$B$7:$B$26,$C12,【你的全部獎金】!$E$7:$E$26) -> 900 | H12: =SUMIF(【你的全部獎金】!$B$7:$B$26,$C12,【你的全部獎金】!$F$7:$F$26) -> 500 | I12: =SUMIF(【你的全部獎金】!$B$7:$B$26,$C12,【你的全部獎金】!$G$7:$G$26) -> 700 | J12: =SUMIF(【你的全部獎金】!$B$7:$B$26,$C12,【你的全部獎金】!$H$7:$H$26) -> 1000 | K12: =SUM(H12,I12,J12)*30 -> 66000 | L12: =SUMIF(【你的全部獎金】!$B$7:$B$26,$C12,【你的全部獎金】!$I$7:$I$26) -> 0 | M12: =SUMIF(【你的全部獎金】!$B$7:$B$26,$C12,【你的全部獎金】!$J$7:$J$26) -> 0 | N12: =SUM(L12,M12)*10 -> 0 | O12: =SUM(F12,K12,N12) -> 129750 | P12: =O12/130000 -> 0.99807692 | Q12: =SUM(E12,G12,I12,J12,H12,L12) -> 5650 | R12: =REPT("█",MIN(20,INT(P12*2)))&REPT("░",20-MIN(20,INT(P12*2))) -> █░░░░░░░░░░░░░░░░░░░
A13: =RANK(P13,P$5:P$23,0) -> 12 | B13: =【你的全部獎金】!A22 -> 鼎山店 | C13: =【你的全部獎金】!B22 -> 高琦茗 | D13: =【你的全部獎金】!C22 -> 銅級 | E13: =SUMIF(【你的全部獎金】!$B$7:$B$26,$C13,【你的全部獎金】!$D$7:$D$26) -> 1500 | F13: =E13*25 -> 37500 | G13: =SUMIF(【你的全部獎金】!$B$7:$B$26,$C13,【你的全部獎金】!$E$7:$E$26) -> 600 | H13: =SUMIF(【你的全部獎金】!$B$7:$B$26,$C13,【你的全部獎金】!$F$7:$F$26) -> 900 | I13: =SUMIF(【你的全部獎金】!$B$7:$B$26,$C13,【你的全部獎金】!$G$7:$G$26) -> 400 | J13: =SUMIF(【你的全部獎金】!$B$7:$B$26,$C13,【你的全部獎金】!$H$7:$H$26) -> 700 | K13: =SUM(H13,I13,J13)*30 -> 60000 | L13: =SUMIF(【你的全部獎金】!$B$7:$B$26,$C13,【你的全部獎金】!$I$7:$I$26) -> 1000 | M13: =SUMIF(【你的全部獎金】!$B$7:$B$26,$C13,【你的全部獎金】!$J$7:$J$26) -> 0 | N13: =SUM(L13,M13)*10 -> 10000 | O13: =SUM(F13,K13,N13) -> 107500 | P13: =O13/130000 -> 0.82692308 | Q13: =SUM(E13,G13,I13,J13,H13,L13) -> 5100 | R13: =REPT("█",MIN(20,INT(P13*2)))&REPT("░",20-MIN(20,INT(P13*2))) -> █░░░░░░░░░░░░░░░░░░░
A14: =RANK(P14,P$5:P$23,0) -> 2 | B14: =【你的全部獎金】!A8 -> 陽明店 | C14: =【你的全部獎金】!B8 -> 邱雨蔚 | D14: =【你的全部獎金】!C8 -> 銀級 | E14: =SUMIF(【你的全部獎金】!$B$7:$B$26,$C14,【你的全部獎金】!$D$7:$D$26) -> 4700 | F14: =E14*25 -> 117500 | G14: =SUMIF(【你的全部獎金】!$B$7:$B$26,$C14,【你的全部獎金】!$E$7:$E$26) -> 1200 | H14: =SUMIF(【你的全部獎金】!$B$7:$B$26,$C14,【你的全部獎金】!$F$7:$F$26) -> 1300 | I14: =SUMIF(【你的全部獎金】!$B$7:$B$26,$C14,【你的全部獎金】!$G$7:$G$26) -> 800 | J14: =SUMIF(【你的全部獎金】!$B$7:$B$26,$C14,【你的全部獎金】!$H$7:$H$26) -> 500 | K14: =SUM(H14,I14,J14)*30 -> 78000 | L14: =SUMIF(【你的全部獎金】!$B$7:$B$26,$C14,【你的全部獎金】!$I$7:$I$26) -> 500 | M14: =SUMIF(【你的全部獎金】!$B$7:$B$26,$C14,【你的全部獎金】!$J$7:$J$26) -> 0 | N14: =SUM(L14,M14)*10 -> 5000 | O14: =SUM(F14,K14,N14) -> 200500 | P14: =O14/130000 -> 1.5423077 | Q14: =SUM(E14,G14,I14,J14,H14,L14) -> 9000 | R14: =REPT("█",MIN(20,INT(P14*2)))&REPT("░",20-MIN(20,INT(P14*2))) -> ███░░░░░░░░░░░░░░░░░
A15: =RANK(P15,P$5:P$23,0) -> 13 | B15: =【你的全部獎金】!A19 -> 仁雄店 | C15: =【你的全部獎金】!B19 -> 蔡冠廷 | D15: =【你的全部獎金】!C19 -> 石頭 | E15: =SUMIF(【你的全部獎金】!$B$7:$B$26,$C15,【你的全部獎金】!$D$7:$D$26) -> 1200 | F15: =E15*25 -> 30000 | G15: =SUMIF(【你的全部獎金】!$B$7:$B$26,$C15,【你的全部獎金】!$E$7:$E$26) -> 300 | H15: =SUMIF(【你的全部獎金】!$B$7:$B$26,$C15,【你的全部獎金】!$F$7:$F$26) -> 800 | I15: =SUMIF(【你的全部獎金】!$B$7:$B$26,$C15,【你的全部獎金】!$G$7:$G$26) -> 700 | J15: =SUMIF(【你的全部獎金】!$B$7:$B$26,$C15,【你的全部獎金】!$H$7:$H$26) -> 700 | K15: =SUM(H15,I15,J15)*30 -> 66000 | L15: =SUMIF(【你的全部獎金】!$B$7:$B$26,$C15,【你的全部獎金】!$I$7:$I$26) -> 0 | M15: =SUMIF(【你的全部獎金】!$B$7:$B$26,$C15,【你的全部獎金】!$J$7:$J$26) -> 0 | N15: =SUM(L15,M15)*10 -> 0 | O15: =SUM(F15,K15,N15) -> 96000 | P15: =O15/130000 -> 0.73846154 | Q15: =SUM(E15,G15,I15,J15,H15,L15) -> 3700 | R15: =REPT("█",MIN(20,INT(P15*2)))&REPT("░",20-MIN(20,INT(P15*2))) -> █░░░░░░░░░░░░░░░░░░░
A16: =RANK(P16,P$5:P$23,0) -> 4 | B16: =【你的全部獎金】!A9 -> 區督導 | C16: =【你的全部獎金】!B9 -> 黃庭鈞 | D16: =【你的全部獎金】!C9 -> 黃金級 | E16: =SUMIF(【你的全部獎金】!$B$7:$B$26,$C16,【你的全部獎金】!$D$7:$D$26) -> 1650 | F16: =E16*25 -> 41250 | G16: =SUMIF(【你的全部獎金】!$B$7:$B$26,$C16,【你的全部獎金】!$E$7:$E$26) -> 300 | H16: =SUMIF(【你的全部獎金】!$B$7:$B$26,$C16,【你的全部獎金】!$F$7:$F$26) -> 1200 | I16: =SUMIF(【你的全部獎金】!$B$7:$B$26,$C16,【你的全部獎金】!$G$7:$G$26) -> 800 | J16: =SUMIF(【你的全部獎金】!$B$7:$B$26,$C16,【你的全部獎金】!$H$7:$H$26) -> 1400 | K16: =SUM(H16,I16,J16)*30 -> 102000 | L16: =SUMIF(【你的全部獎金】!$B$7:$B$26,$C16,【你的全部獎金】!$I$7:$I$26) -> 2125 | M16: =SUMIF(【你的全部獎金】!$B$7:$B$26,$C16,【你的全部獎金】!$J$7:$J$26) -> 500 | N16: =SUM(L16,M16)*10 -> 26250 | O16: =SUM(F16,K16,N16) -> 169500 | P16: =O16/130000 -> 1.3038462 | Q16: =SUM(E16,G16,I16,J16,H16,L16) -> 7475 | R16: =REPT("█",MIN(20,INT(P16*2)))&REPT("░",20-MIN(20,INT(P16*2))) -> ██░░░░░░░░░░░░░░░░░░
A17: =RANK(P17,P$5:P$23,0) -> 7 | B17: =【你的全部獎金】!A15 -> 後昌店 | C17: =【你的全部獎金】!B15 -> 郭家維 | D17: =【你的全部獎金】!C15 -> 銅級 | E17: =SUMIF(【你的全部獎金】!$B$7:$B$26,$C17,【你的全部獎金】!$D$7:$D$26) -> 1550 | F17: =E17*25 -> 38750 | G17: =SUMIF(【你的全部獎金】!$B$7:$B$26,$C17,【你的全部獎金】!$E$7:$E$26) -> 300 | H17: =SUMIF(【你的全部獎金】!$B$7:$B$26,$C17,【你的全部獎金】!$F$7:$F$26) -> 1300 | I17: =SUMIF(【你的全部獎金】!$B$7:$B$26,$C17,【你的全部獎金】!$G$7:$G$26) -> 800 | J17: =SUMIF(【你的全部獎金】!$B$7:$B$26,$C17,【你的全部獎金】!$H$7:$H$26) -> 1000 | K17: =SUM(H17,I17,J17)*30 -> 93000 | L17: =SUMIF(【你的全部獎金】!$B$7:$B$26,$C17,【你的全部獎金】!$I$7:$I$26) -> 1375 | M17: =SUMIF(【你的全部獎金】!$B$7:$B$26,$C17,【你的全部獎金】!$J$7:$J$26) -> 0 | N17: =SUM(L17,M17)*10 -> 13750 | O17: =SUM(F17,K17,N17) -> 145500 | P17: =O17/130000 -> 1.1192308 | Q17: =SUM(E17,G17,I17,J17,H17,L17) -> 6325 | R17: =REPT("█",MIN(20,INT(P17*2)))&REPT("░",20-MIN(20,INT(P17*2))) -> ██░░░░░░░░░░░░░░░░░░
A18: =RANK(P18,P$5:P$23,0) -> 11 | B18: =【你的全部獎金】!A11 -> 後昌店 | C18: =【你的全部獎金】!B11 -> 黃閔聖 | D18: =【你的全部獎金】!C11 -> 銀級 | E18: =SUMIF(【你的全部獎金】!$B$7:$B$26,$C18,【你的全部獎金】!$D$7:$D$26) -> 1200 | F18: =E18*25 -> 30000 | G18: =SUMIF(【你的全部獎金】!$B$7:$B$26,$C18,【你的全部獎金】!$E$7:$E$26) -> 0 | H18: =SUMIF(【你的全部獎金】!$B$7:$B$26,$C18,【你的全部獎金】!$F$7:$F$26) -> 1000 | I18: =SUMIF(【你的全部獎金】!$B$7:$B$26,$C18,【你的全部獎金】!$G$7:$G$26) -> 600 | J18: =SUMIF(【你的全部獎金】!$B$7:$B$26,$C18,【你的全部獎金】!$H$7:$H$26) -> 1000 | K18: =SUM(H18,I18,J18)*30 -> 78000 | L18: =SUMIF(【你的全部獎金】!$B$7:$B$26,$C18,【你的全部獎金】!$I$7:$I$26) -> 750 | M18: =SUMIF(【你的全部獎金】!$B$7:$B$26,$C18,【你的全部獎金】!$J$7:$J$26) -> 0 | N18: =SUM(L18,M18)*10 -> 7500 | O18: =SUM(F18,K18,N18) -> 115500 | P18: =O18/130000 -> 0.88846154 | Q18: =SUM(E18,G18,I18,J18,H18,L18) -> 4550 | R18: =REPT("█",MIN(20,INT(P18*2)))&REPT("░",20-MIN(20,INT(P18*2))) -> █░░░░░░░░░░░░░░░░░░░
A19: =RANK(P19,P$5:P$23,0) -> 17 | B19: =【你的全部獎金】!A24 -> 後昌店 | C19: =【你的全部獎金】!B24 -> 秦曼芯 | D19: =【你的全部獎金】!C24 -> 石頭 | E19: =SUMIF(【你的全部獎金】!$B$7:$B$26,$C19,【你的全部獎金】!$D$7:$D$26) -> 1500 | F19: =E19*25 -> 37500 | G19: =SUMIF(【你的全部獎金】!$B$7:$B$26,$C19,【你的全部獎金】!$E$7:$E$26) -> 300 | H19: =SUMIF(【你的全部獎金】!$B$7:$B$26,$C19,【你的全部獎金】!$F$7:$F$26) -> 500 | I19: =SUMIF(【你的全部獎金】!$B$7:$B$26,$C19,【你的全部獎金】!$G$7:$G$26) -> 400 | J19: =SUMIF(【你的全部獎金】!$B$7:$B$26,$C19,【你的全部獎金】!$H$7:$H$26) -> 600 | K19: =SUM(H19,I19,J19)*30 -> 45000 | L19: =SUMIF(【你的全部獎金】!$B$7:$B$26,$C19,【你的全部獎金】!$I$7:$I$26) -> 0 | M19: =SUMIF(【你的全部獎金】!$B$7:$B$26,$C19,【你的全部獎金】!$J$7:$J$26) -> 0 | N19: =SUM(L19,M19)*10 -> 0 | O19: =SUM(F19,K19,N19) -> 82500 | P19: =O19/130000 -> 0.63461538 | Q19: =SUM(E19,G19,I19,J19,H19,L19) -> 3300 | R19: =REPT("█",MIN(20,INT(P19*2)))&REPT("░",20-MIN(20,INT(P19*2))) -> █░░░░░░░░░░░░░░░░░░░
A20: =RANK(P20,P$5:P$23,0) -> 8 | B20: =【你的全部獎金】!A17 -> 鼎山店 | C20: =【你的全部獎金】!B17 -> 彥州 | D20: =【你的全部獎金】!C17 -> 石頭 | E20: =SUMIF(【你的全部獎金】!$B$7:$B$26,$C20,【你的全部獎金】!$D$7:$D$26) -> 3450 | F20: =E20*25 -> 86250 | G20: =SUMIF(【你的全部獎金】!$B$7:$B$26,$C20,【你的全部獎金】!$E$7:$E$26) -> 900 | H20: =SUMIF(【你的全部獎金】!$B$7:$B$26,$C20,【你的全部獎金】!$F$7:$F$26) -> 500 | I20: =SUMIF(【你的全部獎金】!$B$7:$B$26,$C20,【你的全部獎金】!$G$7:$G$26) -> 300 | J20: =SUMIF(【你的全部獎金】!$B$7:$B$26,$C20,【你的全部獎金】!$H$7:$H$26) -> 900 | K20: =SUM(H20,I20,J20)*30 -> 51000 | L20: =SUMIF(【你的全部獎金】!$B$7:$B$26,$C20,【你的全部獎金】!$I$7:$I$26) -> 0 | M20: =SUMIF(【你的全部獎金】!$B$7:$B$26,$C20,【你的全部獎金】!$J$7:$J$26) -> 500 | N20: =SUM(L20,M20)*10 -> 5000 | O20: =SUM(F20,K20,N20) -> 142250 | P20: =O20/130000 -> 1.0942308 | Q20: =SUM(E20,G20,I20,J20,H20,L20) -> 6050 | R20: =REPT("█",MIN(20,INT(P20*2)))&REPT("░",20-MIN(20,INT(P20*2))) -> ██░░░░░░░░░░░░░░░░░░
A21: =RANK(P21,P$5:P$23,0) -> 16 | B21: =【你的全部獎金】!A20 -> 陽明店 | C21: =【你的全部獎金】!B20 -> 林庭逸 | D21: =【你的全部獎金】!C20 -> 石頭 | E21: =SUMIF(【你的全部獎金】!$B$7:$B$26,$C21,【你的全部獎金】!$D$7:$D$26) -> 1200 | F21: =E21*25 -> 30000 | G21: =SUMIF(【你的全部獎金】!$B$7:$B$26,$C21,【你的全部獎金】!$E$7:$E$26) -> 300 | H21: =SUMIF(【你的全部獎金】!$B$7:$B$26,$C21,【你的全部獎金】!$F$7:$F$26) -> 800 | I21: =SUMIF(【你的全部獎金】!$B$7:$B$26,$C21,【你的全部獎金】!$G$7:$G$26) -> 300 | J21: =SUMIF(【你的全部獎金】!$B$7:$B$26,$C21,【你的全部獎金】!$H$7:$H$26) -> 500 | K21: =SUM(H21,I21,J21)*30 -> 48000 | L21: =SUMIF(【你的全部獎金】!$B$7:$B$26,$C21,【你的全部獎金】!$I$7:$I$26) -> 750 | M21: =SUMIF(【你的全部獎金】!$B$7:$B$26,$C21,【你的全部獎金】!$J$7:$J$26) -> 0 | N21: =SUM(L21,M21)*10 -> 7500 | O21: =SUM(F21,K21,N21) -> 85500 | P21: =O21/130000 -> 0.65769231 | Q21: =SUM(E21,G21,I21,J21,H21,L21) -> 3850 | R21: =REPT("█",MIN(20,INT(P21*2)))&REPT("░",20-MIN(20,INT(P21*2))) -> █░░░░░░░░░░░░░░░░░░░
A22: =RANK(P22,P$5:P$23,0) -> 1 | B22: =【你的全部獎金】!A7 -> 仁雄店 | C22: =【你的全部獎金】!B7 -> 黃傑稜 | D22: =【你的全部獎金】!C7 -> 白金級 | E22: =SUMIF(【你的全部獎金】!$B$7:$B$26,$C22,【你的全部獎金】!$D$7:$D$26) -> 3550 | F22: =E22*25 -> 88750 | G22: =SUMIF(【你的全部獎金】!$B$7:$B$26,$C22,【你的全部獎金】!$E$7:$E$26) -> 900 | H22: =SUMIF(【你的全部獎金】!$B$7:$B$26,$C22,【你的全部獎金】!$F$7:$F$26) -> 2000 | I22: =SUMIF(【你的全部獎金】!$B$7:$B$26,$C22,【你的全部獎金】!$G$7:$G$26) -> 1400 | J22: =SUMIF(【你的全部獎金】!$B$7:$B$26,$C22,【你的全部獎金】!$H$7:$H$26) -> 800 | K22: =SUM(H22,I22,J22)*30 -> 126000 | L22: =SUMIF(【你的全部獎金】!$B$7:$B$26,$C22,【你的全部獎金】!$I$7:$I$26) -> 625 | M22: =SUMIF(【你的全部獎金】!$B$7:$B$26,$C22,【你的全部獎金】!$J$7:$J$26) -> 0 | N22: =SUM(L22,M22)*10 -> 6250 | O22: =SUM(F22,K22,N22) -> 221000 | P22: =O22/130000 -> 1.7 | Q22: =SUM(E22,G22,I22,J22,H22,L22) -> 9275 | R22: =REPT("█",MIN(20,INT(P22*2)))&REPT("░",20-MIN(20,INT(P22*2))) -> ███░░░░░░░░░░░░░░░░░
A23: =RANK(P23,P$5:P$23,0) -> 15 | B23: =【你的全部獎金】!A16 -> 仁雄店 | C23: =【你的全部獎金】!B16 -> 石佳穎 | D23: =【你的全部獎金】!C16 -> 銀級 | E23: =SUMIF(【你的全部獎金】!$B$7:$B$26,$C23,【你的全部獎金】!$D$7:$D$26) -> 1450 | F23: =E23*25 -> 36250 | G23: =SUMIF(【你的全部獎金】!$B$7:$B$26,$C23,【你的全部獎金】!$E$7:$E$26) -> 300 | H23: =SUMIF(【你的全部獎金】!$B$7:$B$26,$C23,【你的全部獎金】!$F$7:$F$26) -> 700 | I23: =SUMIF(【你的全部獎金】!$B$7:$B$26,$C23,【你的全部獎金】!$G$7:$G$26) -> 700 | J23: =SUMIF(【你的全部獎金】!$B$7:$B$26,$C23,【你的全部獎金】!$H$7:$H$26) -> 500 | K23: =SUM(H23,I23,J23)*30 -> 57000 | L23: =SUMIF(【你的全部獎金】!$B$7:$B$26,$C23,【你的全部獎金】!$I$7:$I$26) -> 0 | M23: =SUMIF(【你的全部獎金】!$B$7:$B$26,$C23,【你的全部獎金】!$J$7:$J$26) -> 0 | N23: =SUM(L23,M23)*10 -> 0 | O23: =SUM(F23,K23,N23) -> 93250 | P23: =O23/130000 -> 0.71730769 | Q23: =SUM(E23,G23,I23,J23,H23,L23) -> 3650 | R23: =REPT("█",MIN(20,INT(P23*2)))&REPT("░",20-MIN(20,INT(P23*2))) -> █░░░░░░░░░░░░░░░░░░░
B25: 合計 | E25: =SUM(E5:E23) -> 37100 | F25: =SUM(F5:F23) -> 927500 | G25: =SUM(G5:G23) -> 9000 | H25: =SUM(H5:H23) -> 19200 | K25: =SUM(K5:K23) -> 1368000 | L25: =SUM(L5:L23) -> 13375 | N25: =SUM(N5:N23) -> 143750 | O25: =SUM(O5:O23) -> 2439250 | Q25: =SUM(Q$5:Q$23) -> 105075

Sheet 2. 毛利分潤獎金
A1: 🏆 毛利分潤獎金
A2: 週期 | B2: 46264 | C2: =TODAY() -> 46291
A3: 店點 | B3: 姓名 | C3: 職級 | D3: 積分*20倍 | E3: 鼓勵獎金3,000元 | F3: 實際毛利 | G3: 預估月底毛利 | H3: 預估分潤獎金 | K3: 3階段高峰獎金
A4: 鼎山店 | B4: 劉家妘 | C4: 白金級 | D4: =H4*20 -> 310026.81 | E4: 100000 | F4: =SUMIF(數據!$A:$A,$B4,數據!$B:$B) -> 112520.11 | G4: =(F4/((DATEDIF($B$2,$C$2,"d")))*30) -> 125022.34 | H4: =IFERROR(IF(G4>=80000,G4*VLOOKUP(G4,$K$17:$P$29,IF(OR(C4="黃金級",C4="金級",C4="白金級"),2,IF(C4="銀級",4,IF(C4="銅級",5,IF(OR(C4="石頭",C4="石頭級"),6,0)))),TRUE()),0),0)+IF(G4>=E4,5000,0)+IF(G4>=120000,3000,0)+IF(G4>=140000,3000,0)+IF(G4>=160000,3000,0)+IF(G4>=180000,3000,0)+IF(G4>=200000,3000,0) -> 15501.341 | K4: 職級 | L4: 責任毛利 | M4: 鼓勵獎金 | N4: 12萬 | O4: 14萬 | P4: 20萬
A5: 鼎山店 | B5: 陳亭安 | C5: 銀級 | D5: =H5*20 -> 207489.3 | E5: 90000 | F5: =SUMIF(數據!$A:$A,$B5,數據!$B:$B) -> 107489.3 | G5: =(F5/((DATEDIF($B$2,$C$2,"d")))*30) -> 119432.56 | H5: =IFERROR(IF(G5>=80000,G5*VLOOKUP(G5,$K$17:$P$29,IF(OR(C5="黃金級",C5="金級",C5="白金級"),2,IF(C5="銀級",4,IF(C5="銅級",5,IF(OR(C5="石頭",C5="石頭級"),6,0)))),TRUE()),0),0)+IF(G5>=E5,5000,0)+IF(G5>=120000,3000,0)+IF(G5>=140000,3000,0)+IF(G5>=160000,3000,0)+IF(G5>=180000,3000,0)+IF(G5>=200000,3000,0) -> 10374.465 | K5: 黃金級 | L5: 100000 | M5: 5000 | N5: 3000 | O5: 3000 | P5: 3000
A6: 鼎山店 | B6: 高琦茗 | C6: 銅級 | D6: =H6*20 -> 0 | E6: 80000 | F6: =SUMIF(數據!$A:$A,$B6,數據!$B:$B) -> 63688.2 | G6: =(F6/((DATEDIF($B$2,$C$2,"d")))*30) -> 70764.667 | H6: =IFERROR(IF(G6>=80000,G6*VLOOKUP(G6,$K$17:$P$29,IF(OR(C6="黃金級",C6="金級",C6="白金級"),2,IF(C6="銀級",4,IF(C6="銅級",5,IF(OR(C6="石頭",C6="石頭級"),6,0)))),TRUE()),0),0)+IF(G6>=E6,5000,0)+IF(G6>=120000,3000,0)+IF(G6>=140000,3000,0)+IF(G6>=160000,3000,0)+IF(G6>=180000,3000,0)+IF(G6>=200000,3000,0) -> 0 | K6: 金級 | L6: 100000 | M6: 5000 | N6: 3000 | O6: 3000 | P6: 3000
A7: 鼎山店 | B7: 彥州 | C7: 石頭 | D7: =H7*20 -> 100000 | E7: 70000 | F7: =SUMIF(數據!$A:$A,$B7,數據!$B:$B) -> 66111.88 | G7: =(F7/((DATEDIF($B$2,$C$2,"d")))*30) -> 73457.644 | H7: =IFERROR(IF(G7>=80000,G7*VLOOKUP(G7,$K$17:$P$29,IF(OR(C7="黃金級",C7="金級",C7="白金級"),2,IF(C7="銀級",4,IF(C7="銅級",5,IF(OR(C7="石頭",C7="石頭級"),6,0)))),TRUE()),0),0)+IF(G7>=E7,5000,0)+IF(G7>=120000,3000,0)+IF(G7>=140000,3000,0)+IF(G7>=160000,3000,0)+IF(G7>=180000,3000,0)+IF(G7>=200000,3000,0) -> 5000 | K7: 白金級 | L7: 100000 | M7: 5000 | N7: 3000 | O7: 3000 | P7: 3000
A8: 總毛利 | B8: 姓名 | C8: 合計 | D8: =SUM(D4:D7) -> 617516.11 | E8: =SUM(E4:E7) -> 340000 | F8: =SUM(F4:F7) -> 349809.49 | G8: =SUM(G4:G7) -> 388677.21 | H8: =SUM(H4:H7) -> 30875.806 | K8: 銀級 | L8: 90000 | M8: 5000 | N8: 3000 | O8: 3000 | P8: 3000
A9: 陽明店 | B9: 劉芳廷 | C9: 銀級 | D9: =H9*20 -> 0 | E9: 90000 | F9: =SUMIF(數據!$A:$A,$B9,數據!$B:$B) -> 71824.6 | G9: =(F9/((DATEDIF($B$2,$C$2,"d")))*30) -> 79805.111 | H9: =IFERROR(IF(G9>=80000,G9*VLOOKUP(G9,$K$17:$P$29,IF(OR(C9="黃金級",C9="金級",C9="白金級"),2,IF(C9="銀級",4,IF(C9="銅級",5,IF(OR(C9="石頭",C9="石頭級"),6,0)))),TRUE()),0),0)+IF(G9>=E9,5000,0)+IF(G9>=120000,3000,0)+IF(G9>=140000,3000,0)+IF(G9>=160000,3000,0)+IF(G9>=180000,3000,0)+IF(G9>=200000,3000,0) -> 0 | K9: 銅級 | L9: 80000 | M9: 5000 | N9: 3000 | O9: 3000 | P9: 3000
A10: 陽明店 | B10: 邱雨蔚 | C10: 銀級 | D10: =H10*20 -> 418678.13 | E10: 90000 | F10: =SUMIF(數據!$A:$A,$B10,數據!$B:$B) -> 137546.4 | G10: =(F10/((DATEDIF($B$2,$C$2,"d")))*30) -> 152829.33 | H10: =IFERROR(IF(G10>=80000,G10*VLOOKUP(G10,$K$17:$P$29,IF(OR(C10="黃金級",C10="金級",C10="白金級"),2,IF(C10="銀級",4,IF(C10="銅級",5,IF(OR(C10="石頭",C10="石頭級"),6,0)))),TRUE()),0),0)+IF(G10>=E10,5000,0)+IF(G10>=120000,3000,0)+IF(G10>=140000,3000,0)+IF(G10>=160000,3000,0)+IF(G10>=180000,3000,0)+IF(G10>=200000,3000,0) -> 20933.907 | K10: 石頭級 | L10: 70000 | M10: 5000 | N10: 3000 | O10: 3000 | P10: 3000
A11: 陽明店 | B11: 林庭逸 | C11: 石頭 | D11: =H11*20 -> 138052.89 | E11: 70000 | F11: =SUMIF(數據!$A:$A,$B11,數據!$B:$B) -> 85619 | G11: =(F11/((DATEDIF($B$2,$C$2,"d")))*30) -> 95132.222 | H11: =IFERROR(IF(G11>=80000,G11*VLOOKUP(G11,$K$17:$P$29,IF(OR(C11="黃金級",C11="金級",C11="白金級"),2,IF(C11="銀級",4,IF(C11="銅級",5,IF(OR(C11="石頭",C11="石頭級"),6,0)))),TRUE()),0),0)+IF(G11>=E11,5000,0)+IF(G11>=120000,3000,0)+IF(G11>=140000,3000,0)+IF(G11>=160000,3000,0)+IF(G11>=180000,3000,0)+IF(G11>=200000,3000,0) -> 6902.6444 | K11: 小石頭 | L11: 60000 | M11: 5000 | N11: 3000 | O11: 3000 | P11: 3000
A13: 總毛利 | B13: 姓名 | C13: 合計 | D13: =SUM(D9:D11) -> 556731.02 | E13: =SUM(E9:E11) -> 250000 | F13: =SUM(F9:F12) -> 294990 | G13: =SUM(G9:G12) -> 327766.67 | H13: =SUM(H9:H12) -> 27836.551
A14: 後昌店 | B14: 郭家維 | C14: 銅級 | D14: =H14*20 -> 172127.61 | E14: 80000 | F14: =SUMIF(數據!$A:$A,$B14,數據!$B:$B) -> 92735.5 | G14: =(F14/((DATEDIF($B$2,$C$2,"d")))*30) -> 103039.44 | H14: =IFERROR(IF(G14>=80000,G14*VLOOKUP(G14,$K$17:$P$29,IF(OR(C14="黃金級",C14="金級",C14="白金級"),2,IF(C14="銀級",4,IF(C14="銅級",5,IF(OR(C14="石頭",C14="石頭級"),6,0)))),TRUE()),0),0)+IF(G14>=E14,5000,0)+IF(G14>=120000,3000,0)+IF(G14>=140000,3000,0)+IF(G14>=160000,3000,0)+IF(G14>=180000,3000,0)+IF(G14>=200000,3000,0) -> 8606.3806
A15: 後昌店 | B15: 黃閔聖 | C15: 銀級 | D15: =H15*20 -> 514400.29 | E15: 90000 | F15: =SUMIF(數據!$A:$A,$B15,數據!$B:$B) -> 150685.9 | G15: =(F15/((DATEDIF($B$2,$C$2,"d")))*30) -> 167428.78 | H15: =IFERROR(IF(G15>=80000,G15*VLOOKUP(G15,$K$17:$P$29,IF(OR(C15="黃金級",C15="金級",C15="白金級"),2,IF(C15="銀級",4,IF(C15="銅級",5,IF(OR(C15="石頭",C15="石頭級"),6,0)))),TRUE()),0),0)+IF(G15>=E15,5000,0)+IF(G15>=120000,3000,0)+IF(G15>=140000,3000,0)+IF(G15>=160000,3000,0)+IF(G15>=180000,3000,0)+IF(G15>=200000,3000,0) -> 25720.014 | K15: 倚盟各職級 毛利對照 抽成表
A16: 後昌店 | B16: 秦曼芯 | C16: 石頭 | D16: =H16*20 -> 0 | E16: 70000 | F16: =SUMIF(數據!$A:$A,$B16,數據!$B:$B) -> 49698 | G16: =(F16/((DATEDIF($B$2,$C$2,"d")))*30) -> 55220 | H16: =IFERROR(IF(G16>=80000,G16*VLOOKUP(G16,$K$17:$P$29,IF(OR(C16="黃金級",C16="金級",C16="白金級"),2,IF(C16="銀級",4,IF(C16="銅級",5,IF(OR(C16="石頭",C16="石頭級"),6,0)))),TRUE()),0),0)+IF(G16>=E16,5000,0)+IF(G16>=120000,3000,0)+IF(G16>=140000,3000,0)+IF(G16>=160000,3000,0)+IF(G16>=180000,3000,0)+IF(G16>=200000,3000,0) -> 0 | K16: 毛利門檻 | L16: 黃金級/金級/白金級 | N16: 銀級 | O16: 銅級 | P16: 石頭
K17: 80000 | L17: 0.04 | N17: 0.03 | O17: 0.025 | P17: 0.02
A18: 總毛利 | B18: 姓名 | C18: 合計 | D18: =SUM(D14:D16) -> 686527.9 | E18: =SUM(E14:E16) -> 240000 | F18: =SUM(F14:F17) -> 293119.4 | G18: =SUM(G14:G17) -> 325688.22 | H18: =SUM(H14:H17) -> 34326.395 | K18: 90000 | L18: 0.045 | N18: 0.035 | O18: 0.03 | P18: 0.02
A19: 仁雄店 | B19: 黃傑稜 | C19: 白金級 | D19: =H19*20 -> 469183.36 | E19: 100000 | F19: =SUMIF(數據!$A:$A,$B19,數據!$B:$B) -> 140165.64 | G19: =(F19/((DATEDIF($B$2,$C$2,"d")))*30) -> 155739.6 | H19: =IFERROR(IF(G19>=80000,G19*VLOOKUP(G19,$K$17:$P$29,IF(OR(C19="黃金級",C19="金級",C19="白金級"),2,IF(C19="銀級",4,IF(C19="銅級",5,IF(OR(C19="石頭",C19="石頭級"),6,0)))),TRUE()),0),0)+IF(G19>=E19,5000,0)+IF(G19>=120000,3000,0)+IF(G19>=140000,3000,0)+IF(G19>=160000,3000,0)+IF(G19>=180000,3000,0)+IF(G19>=200000,3000,0) -> 23459.168 | K19: 100000 | L19: 0.05 | N19: 0.04 | O19: 0.035 | P19: 0.03
A20: 仁雄店 | B20: 郭紳鴻 | C20: 銅級 | D20: =H20*20 -> 173393.79 | E20: 80000 | F20: =SUMIF(數據!$A:$A,$B20,數據!$B:$B) -> 94363.44 | G20: =(F20/((DATEDIF($B$2,$C$2,"d")))*30) -> 104848.27 | H20: =IFERROR(IF(G20>=80000,G20*VLOOKUP(G20,$K$17:$P$29,IF(OR(C20="黃金級",C20="金級",C20="白金級"),2,IF(C20="銀級",4,IF(C20="銅級",5,IF(OR(C20="石頭",C20="石頭級"),6,0)))),TRUE()),0),0)+IF(G20>=E20,5000,0)+IF(G20>=120000,3000,0)+IF(G20>=140000,3000,0)+IF(G20>=160000,3000,0)+IF(G20>=180000,3000,0)+IF(G20>=200000,3000,0) -> 8669.6893 | K20: 110000 | L20: 0.055 | N20: 0.045 | O20: 0.04 | P20: 0.035
A21: 仁雄店 | B21: 石佳穎 | C21: 銀級 | D21: =H21*20 -> 165752 | E21: 90000 | F21: =SUMIF(數據!$A:$A,$B21,數據!$B:$B) -> 84538.28 | G21: =(F21/((DATEDIF($B$2,$C$2,"d")))*30) -> 93931.422 | H21: =IFERROR(IF(G21>=80000,G21*VLOOKUP(G21,$K$17:$P$29,IF(OR(C21="黃金級",C21="金級",C21="白金級"),2,IF(C21="銀級",4,IF(C21="銅級",5,IF(OR(C21="石頭",C21="石頭級"),6,0)))),TRUE()),0),0)+IF(G21>=E21,5000,0)+IF(G21>=120000,3000,0)+IF(G21>=140000,3000,0)+IF(G21>=160000,3000,0)+IF(G21>=180000,3000,0)+IF(G21>=200000,3000,0) -> 8287.5998 | K21: 120000 | L21: 0.06 | N21: 0.05 | O21: 0.045 | P21: 0.04
A22: 仁雄店 | B22: 蔡冠廷 | C22: 石頭 | D22: =H22*20 -> 100000 | E22: 70000 | F22: =SUMIF(數據!$A:$A,$B22,數據!$B:$B) -> 65486.56 | G22: =(F22/((DATEDIF($B$2,$C$2,"d")))*30) -> 72762.844 | H22: =IFERROR(IF(G22>=80000,G22*VLOOKUP(G22,$K$17:$P$29,IF(OR(C22="黃金級",C22="金級",C22="白金級"),2,IF(C22="銀級",4,IF(C22="銅級",5,IF(OR(C22="石頭",C22="石頭級"),6,0)))),TRUE()),0),0)+IF(G22>=E22,5000,0)+IF(G22>=120000,3000,0)+IF(G22>=140000,3000,0)+IF(G22>=160000,3000,0)+IF(G22>=180000,3000,0)+IF(G22>=200000,3000,0) -> 5000 | K22: 130000 | L22: 0.07 | N22: 0.055 | O22: 0.05 | P22: 0.045
K23: 140000 | L23: 0.075 | N23: 0.06 | O23: 0.055 | P23: 0.05
A24: 總毛利 | B24: 姓名 | C24: 合計 | D24: =SUM(D19:D23) -> 908329.14 | E24: =SUM(E19:E23) -> 340000 | F24: =SUM(F19:F23) -> 384553.92 | G24: =SUM(G19:G23) -> 427282.13 | H24: =SUM(H19:H23) -> 45416.457 | K24: 150000 | L24: 0.08 | N24: 0.065 | O24: 0.06 | P24: 0.055
A25: 凱旋店 | B25: 陳宛姍 | C25: 白金級 | D25: =H25*20 -> 564809.65 | E25: 100000 | F25: =SUMIF(數據!$A:$A,$B25,數據!$B:$B) -> 150781.58 | G25: =(F25/((DATEDIF($B$2,$C$2,"d")))*30) -> 167535.09 | H25: =IFERROR(IF(G25>=80000,G25*VLOOKUP(G25,$K$17:$P$29,IF(OR(C25="黃金級",C25="金級",C25="白金級"),2,IF(C25="銀級",4,IF(C25="銅級",5,IF(OR(C25="石頭",C25="石頭級"),6,0)))),TRUE()),0),0)+IF(G25>=E25,5000,0)+IF(G25>=120000,3000,0)+IF(G25>=140000,3000,0)+IF(G25>=160000,3000,0)+IF(G25>=180000,3000,0)+IF(G25>=200000,3000,0) -> 28240.483 | K25: 160000 | L25: 0.085 | N25: 0.07 | O25: 0.065 | P25: 0.06
A26: 凱旋店 | B26: 黃子珊 | C26: 銀級 | D26: =H26*20 -> 200493.2 | E26: 90000 | F26: =SUMIF(數據!$A:$A,$B26,數據!$B:$B) -> 100493.2 | G26: =(F26/((DATEDIF($B$2,$C$2,"d")))*30) -> 111659.11 | H26: =IFERROR(IF(G26>=80000,G26*VLOOKUP(G26,$K$17:$P$29,IF(OR(C26="黃金級",C26="金級",C26="白金級"),2,IF(C26="銀級",4,IF(C26="銅級",5,IF(OR(C26="石頭",C26="石頭級"),6,0)))),TRUE()),0),0)+IF(G26>=E26,5000,0)+IF(G26>=120000,3000,0)+IF(G26>=140000,3000,0)+IF(G26>=160000,3000,0)+IF(G26>=180000,3000,0)+IF(G26>=200000,3000,0) -> 10024.66 | K26: 170000 | L26: 0.09 | N26: 0.075 | O26: 0.07 | P26: 0.065
A28: 凱旋店 | B28: 林瑞獻 | C28: 石頭 | D28: =H28*20 -> 132439.38 | E28: 70000 | F28: =SUMIF(數據!$A:$A,$B28,數據!$B:$B) -> 72988.6 | G28: =(F28/((DATEDIF($B$2,$C$2,"d")))*30) -> 81098.444 | H28: =IFERROR(IF(G28>=80000,G28*VLOOKUP(G28,$K$17:$P$29,IF(OR(C28="黃金級",C28="金級",C28="白金級"),2,IF(C28="銀級",4,IF(C28="銅級",5,IF(OR(C28="石頭",C28="石頭級"),6,0)))),TRUE()),0),0)+IF(G28>=E28,5000,0)+IF(G28>=120000,3000,0)+IF(G28>=140000,3000,0)+IF(G28>=160000,3000,0)+IF(G28>=180000,3000,0)+IF(G28>=200000,3000,0) -> 6621.9689 | K28: 190000 | L28: 0.1 | N28: 0.085 | O28: 0.08 | P28: 0.075
A29: 凱旋店 | B29: 劉宗翰 | C29: 小石頭 | D29: =H29*20 -> 0 | E29: 60000 | F29: =SUMIF(數據!$A:$A,$B29,數據!$B:$B) -> 52070.2 | G29: =(F29/((DATEDIF($B$2,$C$2,"d")))*30) -> 57855.778 | H29: =IFERROR(IF(G29>=80000,G29*VLOOKUP(G29,$K$17:$P$29,IF(OR(C29="黃金級",C29="金級",C29="白金級"),2,IF(C29="銀級",4,IF(C29="銅級",5,IF(OR(C29="石頭",C29="石頭級"),6,0)))),TRUE()),0),0)+IF(G29>=E29,5000,0)+IF(G29>=120000,3000,0)+IF(G29>=140000,3000,0)+IF(G29>=160000,3000,0)+IF(G29>=180000,3000,0)+IF(G29>=200000,3000,0) -> 0 | K29: 200000 | L29: 0.105 | N29: 0.09 | O29: 0.085 | P29: 0.08
A30: 總毛利 | C30: 合計 | D30: =SUM(D25:D29) -> 897742.23 | E30: =SUM(E25:E29) -> 320000 | F30: =SUM(F25:F29) -> 376333.58 | G30: =SUM(G25:G29) -> 418148.42 | H30: =SUM(H25:H29) -> 44887.111
A31: 區督導 | B31: 黃庭鈞 | C31: 黃金級 | D31: =H31*20 -> 558225.4 | E31: 100000 | F31: =SUMIF(數據!$A:$A,$B31,數據!$B:$B) -> 147295.8 | G31: =(F31/((DATEDIF($B$2,$C$2,"d")))*30) -> 163662 | H31: =IFERROR(IF(G31>=80000,G31*VLOOKUP(G31,$K$17:$P$29,IF(OR(C31="黃金級",C31="金級",C31="白金級"),2,IF(C31="銀級",4,IF(C31="銅級",5,IF(OR(C31="石頭",C31="石頭級"),6,0)))),TRUE()),0),0)+IF(G31>=E31,5000,0)+IF(G31>=120000,3000,0)+IF(G31>=140000,3000,0)+IF(G31>=160000,3000,0)+IF(G31>=180000,3000,0)+IF(G31>=200000,3000,0) -> 27911.27 | K31: 職 級 | L31: 職級責任目標 | M31: 鼓勵獎金 | N31: 毛利分潤方式
K32: 黃金級/金級/白金級 | L32: 100000 | M32: 5000 | N32: (A)達成職級責任目標 +$5,000 + X%分潤抽成 + 高峰獎金 3,000 + 顛峰獎金 3,000 + 聖母峰獎金 3,000
F33: 毛利合計 | G33: =SUM(F4,F5,F6,F7,F9,F10,F11,F14,F15,F16,F19,F20,F21,F22,F25,F26,F27,F28,F29,F31) -> 1846102.2 | K33: 銀級 | L33: 90000 | M33: 5000
F34: 預估月底毛利 | G34: =(G33/((DATEDIF($B$2,$C$2,"d")))*30) -> 2051224.7 | K34: 銅級 | L34: 80000 | M34: 5000 | N34: 舉例說明
K35: 石頭級 | L35: 80000 | M35: 5000 | N35: 銀級顧問 | O35: 銀級・月總毛利 $135,000 可拿到的分潤獎金 = 抽成 135,000×5.5% + 鼓勵 5,000 + 高峰 3,000 = 7,425 + 5,000 + 3,000 = $15,425

Sheet 🏆 追星獎
B1: 🏆 追星獎 月底彙整 — 星數與獎金自動加總
B2: 📅 在下方黃格填入【本月起訖日期】，所有人的總星數與追星獎金即自動更新。
B4: 📅 本月起訖 | D4: 月份起始 | E4: 46264 | F4: 月份結束 | G4: 46293 | H4: ← 每月改這兩格
M5: 線性推估
B6: 45–59★ → $3,000 | D6: 60–75★ → $5,500 | F6: 76★以上 → $8,000 | H6: 破紀錄>99★ → +$6,000
B8: 店點 | C8: 姓名 | D8: 職級 | E8: 台數 合計 | F8: 總星數 （自動） | G8: 預估獎金 | H8: 距下一檔 | I8: 進度
B9: 鼎山店 | C9: 劉家妘 | D9: 白金級 | E9: 23 | F9: 48 | G9: 3000 | H9: 差12星→$5500 | I9: ⬛⬛⬛▢▢
B10: 鼎山店 | C10: 陳亭安 | D10: 銀級 | E10: 25 | F10: 35 | G10: 0 | H10: 差10星→達底標 | I10: ▢▢▢▢▢
B11: 鼎山店 | C11: 高琦茗 | D11: 銅級 | E11: 18 | F11: 31 | G11: 0 | H11: 差14星→達底標 | I11: ▢▢▢▢▢
B12: 鼎山店 | C12: 彥州 | D12: 石頭 | E12: 17 | F12: 28 | G12: 0 | H12: 差17星→達底標 | I12: ▢▢▢▢▢
B13: 陽明店 | C13: 劉芳廷 | D13: 銀級 | E13: 19 | F13: 31 | G13: 0 | H13: 差14星→達底標 | I13: ▢▢▢▢▢
B14: 陽明店 | C14: 邱雨蔚 | D14: 銀級 | E14: 31 | F14: 52 | G14: 3000 | H14: 差8星→$5500 | I14: ⬛⬛⬛▢▢
B15: 陽明店 | C15: 林庭逸 | D15: 石頭 | E15: 18 | F15: 31 | G15: 0 | H15: 差14星→達底標 | I15: ▢▢▢▢▢
B16: 後昌店 | C16: 郭家維 | D16: 銅級 | E16: 21 | F16: 40 | G16: 0 | H16: 差5星→達底標 | I16: ▢▢▢▢▢
B17: 後昌店 | C17: 黃閔聖 | D17: 銀級 | E17: 40 | F17: 70 | G17: 8000 | H17: 差6星→$8000 | I17: ⬛⬛⬛⬛⬛
B18: 後昌店 | C18: 秦曼芯 | D18: 石頭 | E18: 15 | F18: 20 | G18: 0 | H18: 差25星→達底標 | I18: ▢▢▢▢▢
B19: 仁雄店 | C19: 黃傑稜 | D19: 金級 | E19: 39 | F19: 69 | G19: 8000 | H19: 差7星→$8000 | I19: ⬛⬛⬛⬛⬛
B20: 仁雄店 | C20: 郭紳鴻 | D20: 銅級 | E20: 19 | F20: 31 | G20: 0 | H20: 差14星→達底標 | I20: ▢▢▢▢▢
... B27: 區督導 | C27: 黃庭鈞 | D27: 黃金級 | E27: 30 | F27: 43 | G27: 3000 | H27: 差2星→達底標 | I27: ⬛⬛⬛▢▢
B28: 🏆 本月合計 | E28: =SUM(E9:E27) -> 459 | F28: =SUM(F9:F27) -> 769 | G28: =SUM(G9:G27) -> 34000
B30: ※ 8月新制 底標45星：未達不發、下月重新累積 ｜ 破紀錄>94★(單月實際)另加$6,000、同月僅最高一人 ｜ 財源為台哥大手機補貼，不影響公司23%毛利基準線 ｜ 一台5★機=5星

Sheet 3. 全壘打得分表
A1: 全壘打獎金進度追蹤系統 | AE1: 📅 動態預估參數
A2: 📊 即時追蹤全壘打獎金得分，不用等到月底才知道成績！ | AE2: 業績週期開始: | AF2: 46264
AE3: 今日日期: | AF3: =TODAY()-1 -> 46290
A4: 員工資訊 | D4: 總分與獎金 | F4: RT點數評分 (最高4分) | J4: RT件數評分 (最高4分) | N4: RT升轉 (2分) | Q4: RT1399 (2分) | T4: 特維 (2分) | W4: Device(3分) | Z4: 手機保險(3分) | AE4: 已過天數: | AF4: =TODAY()-$AF$2 -> 27
A5: 店點 | B5: 姓名 | C5: 職級 | D5: 月底 全壘打分數 | E5: 預估獎金 | F5: RT點數 目標 | G5: RT點數 實際 | H5: 達成率 | I5: 預估 得分 | J5: RT件數 目標 | K5: RT件數 實際 | L5: 達成率 | M5: 預估 得分 | N5: RT升轉 目標 | O5: RT升轉 實際 | P5: 預估 得分 | Q5: RT1399 目標 | R5: RT1399 實際 | S5: 預估 得分 | T5: 特維 目標 | U5: 特維 實際 | V5: 預估 得分 | W5: Device 目標 | X5: Device 實際 | Y5: 預估 得分 | Z5: 手機保險 目標 | AA5: 手機保險 實際 | AB5: 預估 得分 | AC5: 預估總分 | AE5: 總天數: | AF5: 30
A6: 鼎山店 | B6: 劉家妘 | C6: 白金級 | D6: =SUM(I6,M6,P6,S6,V6,Y6,AB6) -> 9.5491031 | E6: =IF(D6>=20,9000,IF(D6>=18,8000,IF(D6>=16,7000,IF(D6>=14,6000,IF(D6>=12,5000,IF(D6>=10,4000,IF(D6>=8,3000,0))))))) -> 3000 | F6: =SUMIF(■我的大類_重點目標!$C:$C,$B6,■我的大類_重點目標!$H:$H) -> 307 | G6: =SUMIF(數據!$A:$A,$B6,數據!$I:$I) -> 143.25 | H6: =IFERROR(G6/F6*($AF$5/$AF$4),0) -> 0.5184582 | I6: =MIN(H6,1)*4 -> 2.0738328 | J6: =SUMIF(■我的大類_重點目標!$C:$C,$B6,■我的大類_重點目標!$I:$I) -> 56 | K6: =SUMIF(數據!$A:$A,$B6,數據!$J:$J)+SUMIF(數據!$A:$A,$B6,數據!$K:$K) -> 22 | L6: =IFERROR(K6/J6*($AF$5/$AF$4),0) -> 0.43650794 | M6: =MIN(L6,1)*4 -> 1.7460317 | N6: =SUMIF(■我的大類_重點目標!$C:$C,$B6,■我的大類_重點目標!$J:$J) -> 21 | O6: =SUMIF(數據!$A:$A,$B6,數據!$L:$L)+SUMIF(數據!$A:$A,$B6,數據!$M:$M) -> 5 | P6: =MIN(IFERROR(O6/N6*($AF$5/$AF$4),0),1)*2 -> 0.52910053 | Q6: =SUMIF(■我的大類_重點目標!$C:$C,$B6,■我的大類_重點目標!$L:$L) -> 17 | R6: =SUMIF(數據!$A:$A,$B6,數據!$R:$R)+SUMIF(數據!$A:$A,$B6,數據!$S:$S) -> 7 | S6: =MIN(IFERROR(R6/Q6*($AF$5/$AF$4),0),1)*2 -> 0.91503268 | T6: =SUMIF(■我的大類_重點目標!$C:$C,$B6,■我的大類_重點目標!$M:$M) -> 17 | U6: =SUMIF(數據!$A:$A,$B6,數據!$N:$N)+SUMIF(數據!$A:$A,$B6,數據!$O:$O) -> 10 | V6: =MIN(IFERROR(U6/T6*($AF$5/$AF$4),0),1)*2 -> 1.3071895 | W6: =SUMIF(■我的大類_重點目標!$C:$C,$B6,■我的大類_重點目標!$N:$N) -> 46 | X6: =SUMIF(數據!$A:$A,$B6,數據!$V:$V)+SUMIF(數據!$A:$A,$B6,數據!$W:$W) -> 17 | Y6: =MIN(IFERROR(X6/W6*($AF$5/$AF$4),0),1)*3 -> 1.2318841 | Z6: =SUMIF(■我的大類_重點目標!$C:$C,$B6,■我的大類_重點目標!$O:$O) -> 21 | AA6: =SUMIF(數據!$A:$A,$B6,數據!$X:$X)+SUMIF(數據!$A:$A,$B6,數據!$Y:$Y) -> 11 | AB6: =MIN(IFERROR(AA6/Z6*($AF$5/$AF$4),0),1)*3 -> 1.7460317 | AC6: =SUM(I6,M6,P6,S6,V6,Y6,AB6) -> 9.5491031 | AE6: 20 | AF6: 🏆全壘打 | AG6: 9000
A7: 鼎山店 | B7: 陳亭安 | C7: 銀級 | D7: =SUM(I7,M7,P7,S7,V7,Y7,AB7) -> 13.559183 | E7: =IF(D7>=20,9000,IF(D7>=18,8000,IF(D7>=16,7000,IF(D7>=14,6000,IF(D7>=12,5000,IF(D7>=10,4000,IF(D7>=8,3000,0))))))) -> 5000 | F7: =SUMIF(■我的大類_重點目標!$C:$C,$B7,■我的大類_重點目標!$H:$H) -> 288 | G7: =SUMIF(數據!$A:$A,$B7,數據!$I:$I) -> 216 | H7: =IFERROR(G7/F7*($AF$5/$AF$4),0) -> 0.83333333 | I7: =MIN(H7,1)*4 -> 3.3333333 | J7: =SUMIF(■我的大類_重點目標!$C:$C,$B7,■我的大類_重點目標!$I:$I) -> 52 | K7: =SUMIF(數據!$A:$A,$B7,數據!$J:$J)+SUMIF(數據!$A:$A,$B7,數據!$K:$K) -> 28 | L7: =IFERROR(K7/J7*($AF$5/$AF$4),0) -> 0.5982906 | M7: =MIN(L7,1)*4 -> 2.3931624 | N7: =SUMIF(■我的大類_重點目標!$C:$C,$B7,■我的大類_重點目標!$J:$J) -> 20 | O7: =SUMIF(數據!$A:$A,$B7,數據!$L:$L)+SUMIF(數據!$A:$A,$B7,數據!$M:$M) -> 11 | P7: =MIN(IFERROR(O7/N7*($AF$5/$AF$4),0),1)*2 -> 1.2222222 | Q7: =SUMIF(■我的大類_重點目標!$C:$C,$B7,■我的大類_重點目標!$L:$L) -> 15 | R7: =SUMIF(數據!$A:$A,$B7,數據!$R:$R)+SUMIF(數據!$A:$A,$B7,數據!$S:$S) -> 11 | S7: =MIN(IFERROR(R7/Q7*($AF$5/$AF$4),0),1)*2 -> 1.6296296 | T7: =SUMIF(■我的大類_重點目標!$C:$C,$B7,■我的大類_重點目標!$M:$M) -> 15 | U7: =SUMIF(數據!$A:$A,$B7,數據!$N:$N)+SUMIF(數據!$A:$A,$B7,數據!$O:$O) -> 7 | V7: =MIN(IFERROR(U7/T7*($AF$5/$AF$4),0),1)*2 -> 1.037037 | W7: =SUMIF(■我的大類_重點目標!$C:$C,$B7,■我的大類_重點目標!$N:$N) -> 43 | X7: =SUMIF(數據!$A:$A,$B7,數據!$V:$V)+SUMIF(數據!$A:$A,$B7,數據!$W:$W) -> 24 | Y7: =MIN(IFERROR(X7/W7*($AF$5/$AF$4),0),1)*3 -> 1.8604651 | Z7: =SUMIF(■我的大類_重點目標!$C:$C,$B7,■我的大類_重點目標!$O:$O) -> 20 | AA7: =SUMIF(數據!$A:$A,$B7,數據!$X:$X)+SUMIF(數據!$A:$A,$B7,數據!$Y:$Y) -> 12.5 | AB7: =MIN(IFERROR(AA7/Z7*($AF$5/$AF$4),0),1)*3 -> 2.0833333 | AC7: =SUM(I7,M7,P7,S7,V7,Y7,AB7) -> 13.559183 | AE7: 19 | AF7: 超級明星 | AG7: 8000
A8: 鼎山店 | B8: 高琦茗 | C8: 銅級 | D8: =SUM(I8,M8,P8,S8,V8,Y8,AB8) -> 9.0059215 | E8: =IF(D8>=20,9000,IF(D8>=18,8000,IF(D8>=16,7000,IF(D8>=14,6000,IF(D8>=12,5000,IF(D8>=10,4000,IF(D8>=8,3000,0))))))) -> 3000 | F8: =SUMIF(■我的大類_重點目標!$C:$C,$B8,■我的大類_重點目標!$H:$H) -> 269 | G8: =SUMIF(數據!$A:$A,$B8,數據!$I:$I) -> 113.45 | H8: =IFERROR(G8/F8*($AF$5/$AF$4),0) -> 0.46860801 | I8: =MIN(H8,1)*4 -> 1.8744321 | J8: =SUMIF(■我的大類_重點目標!$C:$C,$B8,■我的大類_重點目標!$I:$I) -> 49 | K8: =SUMIF(數據!$A:$A,$B8,數據!$J:$J)+SUMIF(數據!$A:$A,$B8,數據!$K:$K) -> 16 | L8: =IFERROR(K8/J8*($AF$5/$AF$4),0) -> 0.36281179 | M8: =MIN(L8,1)*4 -> 1.4512472 | N8: =SUMIF(■我的大類_重點目標!$C:$C,$B8,■我的大類_重點目標!$J:$J) -> 19 | O8: =SUMIF(數據!$A:$A,$B8,數據!$L:$L)+SUMIF(數據!$A:$A,$B8,數據!$M:$M) -> 9 | P8: =MIN(IFERROR(O8/N8*($AF$5/$AF$4),0),1)*2 -> 1.0526316 | Q8: =SUMIF(■我的大類_重點目標!$C:$C,$B8,■我的大類_重點目標!$L:$L) -> 14 | R8: =SUMIF(數據!$A:$A,$B8,數據!$R:$R)+SUMIF(數據!$A:$A,$B8,數據!$S:$S) -> 4 | S8: =MIN(IFERROR(R8/Q8*($AF$5/$AF$4),0),1)*2 -> 0.63492063 | T8: =SUMIF(■我的大類_重點目標!$C:$C,$B8,■我的大類_重點目標!$M:$M) -> 14 | U8: =SUMIF(數據!$A:$A,$B8,數據!$N:$N)+SUMIF(數據!$A:$A,$B8,數據!$O:$O) -> 7 | V8: =MIN(IFERROR(U8/T8*($AF$5/$AF$4),0),1)*2 -> 1.1111111 | W8: =SUMIF(■我的大類_重點目標!$C:$C,$B8,■我的大類_重點目標!$N:$N) -> 40 | X8: =SUMIF(數據!$A:$A,$B8,數據!$V:$V)+SUMIF(數據!$A:$A,$B8,數據!$W:$W) -> 13 | Y8: =MIN(IFERROR(X8/W8*($AF$5/$AF$4),0),1)*3 -> 1.0833333 | Z8: =SUMIF(■我的大類_重點目標!$C:$C,$B8,■我的大類_重點目標!$O:$O) -> 19 | AA8: =SUMIF(數據!$A:$A,$B8,數據!$X:$X)+SUMIF(數據!$A:$A,$B8,數據!$Y:$Y) -> 10.25 | AB8: =MIN(IFERROR(AA8/Z8*($AF$5/$AF$4),0),1)*3 -> 1.7982456 | AC8: =SUM(I8,M8,P8,S8,V8,Y8,AB8) -> 9.0059215 | AE8: 18 | AF8: 超級明星 | AG8: 8000
A9: 鼎山店 | B9: 彥州 | C9: 石頭 | D9: =SUM(I9,M9,P9,S9,V9,Y9,AB9) -> 9.3751481 | E9: =IF(D9>=20,9000,IF(D9>=18,8000,IF(D9>=16,7000,IF(D9>=14,6000,IF(D9>=12,5000,IF(D9>=10,4000,IF(D9>=8,3000,0))))))) -> 3000 | F9: =SUMIF(■我的大類_重點目標!$C:$C,$B9,■我的大類_重點目標!$H:$H) -> 236 | G9: =SUMIF(數據!$A:$A,$B9,數據!$I:$I) -> 84.75 | H9: =IFERROR(G9/F9*($AF$5/$AF$4),0) -> 0.3990113 | I9: =MIN(H9,1)*4 -> 1.5960452 | J9: =SUMIF(■我的大類_重點目標!$C:$C,$B9,■我的大類_重點目標!$I:$I) -> 43 | K9: =SUMIF(數據!$A:$A,$B9,數據!$J:$J)+SUMIF(數據!$A:$A,$B9,數據!$K:$K) -> 16 | L9: =IFERROR(K9/J9*($AF$5/$AF$4),0) -> 0.41343669 | M9: =MIN(L9,1)*4 -> 1.6537468 | N9: =SUMIF(■我的大類_重點目標!$C:$C,$B9,■我的大類_重點目標!$J:$J) -> 16 | O9: =SUMIF(數據!$A:$A,$B9,數據!$L:$L)+SUMIF(數據!$A:$A,$B9,數據!$M:$M) -> 5 | P9: =MIN(IFERROR(O9/N9*($AF$5/$AF$4),0),1)*2 -> 0.69444444 | Q9: =SUMIF(■我的大類_重點目標!$C:$C,$B9,■我的大類_重點目標!$L:$L) -> 13 | R9: =SUMIF(數據!$A:$A,$B9,數據!$R:$R)+SUMIF(數據!$A:$A,$B9,數據!$S:$S) -> 3 | S9: =MIN(IFERROR(R9/Q9*($AF$5/$AF$4),0),1)*2 -> 0.51282051 | T9: =SUMIF(■我的大類_重點目標!$C:$C,$B9,■我的大類_重點目標!$M:$M) -> 13 | U9: =SUMIF(數據!$A:$A,$B9,數據!$N:$N)+SUMIF(數據!$A:$A,$B9,數據!$O:$O) -> 9 | V9: =MIN(IFERROR(U9/T9*($AF$5/$AF$4),0),1)*2 -> 1.5384615 | W9: =SUMIF(■我的大類_重點目標!$C:$C,$B9,■我的大類_重點目標!$N:$N) -> 36 | X9: =SUMIF(數據!$A:$A,$B9,數據!$V:$V)+SUMIF(數據!$A:$A,$B9,數據!$W:$W) -> 14 | Y9: =MIN(IFERROR(X9/W9*($AF$5/$AF$4),0),1)*3 -> 1.2962963 | Z9: =SUMIF(■我的大類_重點目標!$C:$C,$B9,■我的大類_重點目標!$O:$O) -> 16 | AA9: =SUMIF(數據!$A:$A,$B9,數據!$X:$X)+SUMIF(數據!$A:$A,$B9,數據!$Y:$Y) -> 10 | AB9: =MIN(IFERROR(AA9/Z9*($AF$5/$AF$4),0),1)*3 -> 2.0833333 | AC9: =SUM(I9,M9,P9,S9,V9,Y9,AB9) -> 9.3751481 | AE9: 17 | AF9: 超級明星 | AG9: 7000
A10: 區督導 | B10: 黃庭鈞 | C10: 黃金級 | D10: =SUM(I10,M10,P10,S10,V10,Y10,AB10) -> 16.49649 | E10: =IF(D10>=20,9000,IF(D10>=18,8000,IF(D10>=16,7000,IF(D10>=14,6000,IF(D10>=12,5000,IF(D10>=10,4000,IF(D10>=8,3000,0))))))) -> 7000 | F10: =SUMIF(■我的大類_重點目標!$C:$C,$B10,■我的大類_重點目標!$H:$H) -> 232 | G10: =SUMIF(數據!$A:$A,$B10,數據!$I:$I) -> 218.25 | H10: =IFERROR(G10/F10*($AF$5/$AF$4),0) -> 1.0452586 | I10: =MIN(H10,1)*4 -> 4 | J10: =SUMIF(■我的大類_重點目標!$C:$C,$B10,■我的大類_重點目標!$I:$I) -> 42 | K10: =SUMIF(數據!$A:$A,$B10,數據!$J:$J)+SUMIF(數據!$A:$A,$B10,數據!$K:$K) -> 33 | L10: =IFERROR(K10/J10*($AF$5/$AF$4),0) -> 0.87301587 | M10: =MIN(L10,1)*4 -> 3.4920635 | N10: =SUMIF(■我的大類_重點目標!$C:$C,$B10,■我的大類_重點目標!$J:$J) -> 16 | O10: =SUMIF(數據!$A:$A,$B10,數據!$L:$L)+SUMIF(數據!$A:$A,$B10,數據!$M:$M) -> 12 | P10: =MIN(IFERROR(O10/N10*($AF$5/$AF$4),0),1)*2 -> 1.6666667 | Q10: =SUMIF(■我的大類_重點目標!$C:$C,$B10,■我的大類_重點目標!$L:$L) -> 13 | R10: =SUMIF(數據!$A:$A,$B10,數據!$R:$R)+SUMIF(數據!$A:$A,$B10,數據!$S:$S) -> 8 | S10: =MIN(IFERROR(R10/Q10*($AF$5/$AF$4),0),1)*2 -> 1.3675214 | T10: =SUMIF(■我的大類_重點目標!$C:$C,$B10,■我的大類_重點目標!$M:$M) -> 11 | U10: =SUMIF(數據!$A:$A,$B10,數據!$N:$N)+SUMIF(數據!$A:$A,$B10,數據!$O:$O) -> 14 | V10: =MIN(IFERROR(U10/T10*($AF$5/$AF$4),0),1)*2 -> 2 | W10: =SUMIF(■我的大類_重點目標!$C:$C,$B10,■我的大類_重點目標!$N:$N) -> 35 | X10: =SUMIF(數據!$A:$A,$B10,數據!$V:$V)+SUMIF(數據!$A:$A,$B10,數據!$W:$W) -> 22 | Y10: =MIN(IFERROR(X10/W10*($AF$5/$AF$4),0),1)*3 -> 2.0952381 | Z10: =SUMIF(■我的大類_重點目標!$C:$C,$B10,■我的大類_重點目標!$O:$O) -> 16 | AA10: =SUMIF(數據!$A:$A,$B10,數據!$X:$X)+SUMIF(數據!$A:$A,$B10,數據!$Y:$Y) -> 9 | AB10: =MIN(IFERROR(AA10/Z10*($AF$5/$AF$4),0),1)*3 -> 1.875 | AC10: =SUM(I10,M10,P10,S10,V10,Y10,AB10) -> 16.49649 | AE10: 16 | AF10: 明星 | AG10: 7000
A11: 陽明店 | B11: 劉芳廷 | C11: 銀級 | D11: =SUM(I11,M11,P11,S11,V11,Y11,AB11) -> 5.7414557 | E11: =IF(D11>=20,9000,IF(D11>=18,8000,IF(D11>=16,7000,IF(D11>=14,6000,IF(D11>=12,5000,IF(D11>=10,4000,IF(D11>=8,3000,0))))))) -> 0 | F11: =SUMIF(■我的大類_重點目標!$C:$C,$B11,■我的大類_重點目標!$H:$H) -> 293 | G11: =SUMIF(數據!$A:$A,$B11,數據!$I:$I) -> 87.55 | H11: =IFERROR(G11/F11*($AF$5/$AF$4),0) -> 0.33200607 | I11: =MIN(H11,1)*4 -> 1.3280243 | J11: =SUMIF(■我的大類_重點目標!$C:$C,$B11,■我的大類_重點目標!$I:$I) -> 53 | K11: =SUMIF(數據!$A:$A,$B11,數據!$J:$J)+SUMIF(數據!$A:$A,$B11,數據!$K:$K) -> 14 | L11: =IFERROR(K11/J11*($AF$5/$AF$4),0) -> 0.29350105 | M11: =MIN(L11,1)*4 -> 1.1740042 | N11: =SUMIF(■我的大類_重點目標!$C:$C,$B11,■我的大類_重點目標!$J:$J) -> 20 | O11: =SUMIF(數據!$A:$A,$B11,數據!$L:$L)+SUMIF(數據!$A:$A,$B11,數據!$M:$M) -> 4 | P11: =MIN(IFERROR(O11/N11*($AF$5/$AF$4),0),1)*2 -> 0.44444444 | Q11: =SUMIF(■我的大類_重點目標!$C:$C,$B11,■我的大類_重點目標!$L:$L) -> 16 | R11: =SUMIF(數據!$A:$A,$B11,數據!$R:$R)+SUMIF(數據!$A:$A,$B11,數據!$S:$S) -> 6 | S11: =MIN(IFERROR(R11/Q11*($AF$5/$AF$4),0),1)*2 -> 0.83333333 | T11: =SUMIF(■我的大類_重點目標!$C:$C,$B11,■我的大類_重點目標!$M:$M) -> 13 | U11: =SUMIF(數據!$A:$A,$B11,數據!$N:$N)+SUMIF(數據!$A:$A,$B11,數據!$O:$O) -> 2 | V11: =MIN(IFERROR(U11/T11*($AF$5/$AF$4),0),1)*2 -> 0.34188034 | W11: =SUMIF(■我的大類_重點目標!$C:$C,$B11,■我的大類_重點目標!$N:$N) -> 44 | X11: =SUMIF(數據!$A:$A,$B11,數據!$V:$V)+SUMIF(數據!$A:$A,$B11,數據!$W:$W) -> 13 | Y11: =MIN(IFERROR(X11/W11*($AF$5/$AF$4),0),1)*3 -> 0.98484848 | Z11: =SUMIF(■我的大類_重點目標!$C:$C,$B11,■我的大類_重點目標!$O:$O) -> 21 | AA11: =SUMIF(數據!$A:$A,$B11,數據!$X:$X)+SUMIF(數據!$A:$A,$B11,數據!$Y:$Y) -> 4 | AB11: =MIN(IFERROR(AA11/Z11*($AF$5/$AF$4),0),1)*3 -> 0.63492063 | AC11: =SUM(I11,M11,P11,S11,V11,Y11,AB11) -> 5.7414557 | AE11: 15 | AF11: 明星 | AG11: 6000
A12: 陽明店 | B12: 邱雨蔚 | C12: 銀級 | D12: =SUM(I12,M12,P12,S12,V12,Y12,AB12) -> 11.364228 | E12: =IF(D12>=20,9000,IF(D12>=18,8000,IF(D12>=16,7000,IF(D12>=14,6000,IF(D12>=12,5000,IF(D12>=10,4000,IF(D12>=8,3000,0))))))) -> 4000 | F12: =SUMIF(■我的大類_重點目標!$C:$C,$B12,■我的大類_重點目標!$H:$H) -> 293 | G12: =SUMIF(數據!$A:$A,$B12,數據!$I:$I) -> 159.95 | H12: =IFERROR(G12/F12*($AF$5/$AF$4),0) -> 0.60656049 | I12: =MIN(H12,1)*4 -> 2.4262419 | J12: =SUMIF(■我的大類_重點目標!$C:$C,$B12,■我的大類_重點目標!$I:$I) -> 53 | K12: =SUMIF(數據!$A:$A,$B12,數據!$J:$J)+SUMIF(數據!$A:$A,$B12,數據!$K:$K) -> 24 | L12: =IFERROR(K12/J12*($AF$5/$AF$4),0) -> 0.50314465 | M12: =MIN(L12,1)*4 -> 2.0125786 | N12: =SUMIF(■我的大類_重點目標!$C:$C,$B12,■我的大類_重點目標!$J:$J) -> 20 | O12: =SUMIF(數據!$A:$A,$B12,數據!$L:$L)+SUMIF(數據!$A:$A,$B12,數據!$M:$M) -> 13 | P12: =MIN(IFERROR(O12/N12*($AF$5/$AF$4),0),1)*2 -> 1.4444444 | Q12: =SUMIF(■我的大類_重點目標!$C:$C,$B12,■我的大類_重點目標!$L:$L) -> 16 | R12: =SUMIF(數據!$A:$A,$B12,數據!$R:$R)+SUMIF(數據!$A:$A,$B12,數據!$S:$S) -> 8 | S12: =MIN(IFERROR(R12/Q12*($AF$5/$AF$4),0),1)*2 -> 1.1111111 | T12: =SUMIF(■我的大類_重點目標!$C:$C,$B12,■我的大類_重點目標!$M:$M) -> 13 | U12: =SUMIF(數據!$A:$A,$B12,數據!$N:$N)+SUMIF(數據!$A:$A,$B12,數據!$O:$O) -> 5 | V12: =MIN(IFERROR(U12/T12*($AF$5/$AF$4),0),1)*2 -> 0.85470085 | W12: =SUMIF(■我的大類_重點目標!$C:$C,$B12,■我的大類_重點目標!$N:$N) -> 44 | X12: =SUMIF(數據!$A:$A,$B12,數據!$V:$V)+SUMIF(數據!$A:$A,$B12,數據!$W:$W) -> 20 | Y12: =MIN(IFERROR(X12/W12*($AF$5/$AF$4),0),1)*3 -> 1.5151515 | Z12: =SUMIF(■我的大類_重點目標!$C:$C,$B12,■我的大類_重點目標!$O:$O) -> 20 | AA12: =SUMIF(數據!$A:$A,$B12,數據!$X:$X)+SUMIF(數據!$A:$A,$B12,數據!$Y:$Y) -> 12 | AB12: =MIN(IFERROR(AA12/Z12*($AF$5/$AF$4),0),1)*3 -> 2 | AC12: =SUM(I12,M12,P12,S12,V12,Y12,AB12) -> 11.364228 | AE12: 14 | AF12: 優秀 | AG12: 6000
A13: 陽明店 | B13: 林庭逸 | C13: 石頭 | D13: =SUM(I13,M13,P13,S13,V13,Y13,AB13) -> 8.5526515 | E13: =IF(D13>=20,9000,IF(D13>=18,8000,IF(D13>=16,7000,IF(D13>=14,6000,IF(D13>=12,5000,IF(D13>=10,4000,IF(D13>=8,3000,0))))))) -> 3000 | F13: =SUMIF(■我的大類_重點目標!$C:$C,$B13,■我的大類_重點目標!$H:$H) -> 241 | G13: =SUMIF(數據!$A:$A,$B13,數據!$I:$I) -> 104.45 | H13: =IFERROR(G13/F13*($AF$5/$AF$4),0) -> 0.48155832 | I13: =MIN(H13,1)*4 -> 1.9262333 | J13: =SUMIF(■我的大類_重點目標!$C:$C,$B13,■我的大類_重點目標!$I:$I) -> 44 | K13: =SUMIF(數據!$A:$A,$B13,數據!$J:$J)+SUMIF(數據!$A:$A,$B13,數據!$K:$K) -> 15 | L13: =IFERROR(K13/J13*($AF$5/$AF$4),0) -> 0.37878788 | M13: =MIN(L13,1)*4 -> 1.5151515 | N13: =SUMIF(■我的大類_重點目標!$C:$C,$B13,■我的大類_重點目標!$J:$J) -> 17 | O13: =SUMIF(數據!$A:$A,$B13,數據!$L:$L)+SUMIF(數據!$A:$A,$B13,數據!$M:$M) -> 8 | P13: =MIN(IFERROR(O13/N13*($AF$5/$AF$4),0),1)*2 -> 1.0457516 | Q13: =SUMIF(■我的大類_重點目標!$C:$C,$B13,■我的大類_重點目標!$L:$L) -> 14 | R13: =SUMIF(數據!$A:$A,$B13,數據!$R:$R)+SUMIF(數據!$A:$A,$B13,數據!$S:$S) -> 3 | S13: =MIN(IFERROR(R13/Q13*($AF$5/$AF$4),0),1)*2 -> 0.47619048 | T13: =SUMIF(■我的大類_重點目標!$C:$C,$B13,■我的大類_重點目標!$M:$M) -> 10 | U13: =SUMIF(數據!$A:$A,$B13,數據!$N:$N)+SUMIF(數據!$A:$A,$B13,數據!$O:$O) -> 5 | V13: =MIN(IFERROR(U13/T13*($AF$5/$AF$4),0),1)*2 -> 1.1111111 | W13: =SUMIF(■我的大類_重點目標!$C:$C,$B13,■我的大類_重點目標!$N:$N) -> 36 | X13: =SUMIF(數據!$A:$A,$B13,數據!$V:$V)+SUMIF(數據!$A:$A,$B13,數據!$W:$W) -> 13 | Y13: =MIN(IFERROR(X13/W13*($AF$5/$AF$4),0),1)*3 -> 1.2037037 | Z13: =SUMIF(■我的大類_重點目標!$C:$C,$B13,■我的大類_重點目標!$O:$O) -> 17 | AA13: =SUMIF(數據!$A:$A,$B13,數據!$X:$X)+SUMIF(數據!$A:$A,$B13,數據!$Y:$Y) -> 6.5 | AB13: =MIN(IFERROR(AA13/Z13*($AF$5/$AF$4),0),1)*3 -> 1.2745098 | AC13: =SUM(I13,M13,P13,S13,V13,Y13,AB13) -> 8.5526515 | AE13: 13 | AF13: 優秀 | AG13: 5000
A14: 後昌店 | B14: 郭家維 | C14: 銅級 | D14: =SUM(I14,M14,P14,S14,V14,Y14,AB14) -> 13.148375 | E14: =IF(D14>=20,9000,IF(D14>=18,8000,IF(D14>=16,7000,IF(D14>=14,6000,IF(D14>=12,5000,IF(D14>=10,4000,IF(D14>=8,3000,0))))))) -> 5000 | F14: =SUMIF(■我的大類_重點目標!$C:$C,$B14,■我的大類_重點目標!$H:$H) -> 259 | G14: =SUMIF(數據!$A:$A,$B14,數據!$I:$I) -> 200.75 | H14: =IFERROR(G14/F14*($AF$5/$AF$4),0) -> 0.86121836 | I14: =MIN(H14,1)*4 -> 3.4448734 | J14: =SUMIF(■我的大類_重點目標!$C:$C,$B14,■我的大類_重點目標!$I:$I) -> 47 | K14: =SUMIF(數據!$A:$A,$B14,數據!$J:$J)+SUMIF(數據!$A:$A,$B14,數據!$K:$K) -> 24 | L14: =IFERROR(K14/J14*($AF$5/$AF$4),0) -> 0.56737589 | M14: =MIN(L14,1)*4 -> 2.2695035 | N14: =SUMIF(■我的大類_重點目標!$C:$C,$B14,■我的大類_重點目標!$J:$J) -> 18 | O14: =SUMIF(數據!$A:$A,$B14,數據!$L:$L)+SUMIF(數據!$A:$A,$B14,數據!$M:$M) -> 13 | P14: =MIN(IFERROR(O14/N14*($AF$5/$AF$4),0),1)*2 -> 1.6049383 | Q14: =SUMIF(■我的大類_重點目標!$C:$C,$B14,■我的大類_重點目標!$L:$L) -> 15 | R14: =SUMIF(數據!$A:$A,$B14,數據!$R:$R)+SUMIF(數據!$A:$A,$B14,數據!$S:$S) -> 8 | S14: =MIN(IFERROR(R14/Q14*($AF$5/$AF$4),0),1)*2 -> 1.1851852 | T14: =SUMIF(■我的大類_重點目標!$C:$C,$B14,■我的大類_重點目標!$M:$M) -> 13 | U14: =SUMIF(數據!$A:$A,$B14,數據!$N:$N)+SUMIF(數據!$A:$A,$B14,數據!$O:$O) -> 10 | V14: =MIN(IFERROR(U14/T14*($AF$5/$AF$4),0),1)*2 -> 1.7094017 | W14: =SUMIF(■我的大類_重點目標!$C:$C,$B14,■我的大類_重點目標!$N:$N) -> 39 | X14: =SUMIF(數據!$A:$A,$B14,數據!$V:$V)+SUMIF(數據!$A:$A,$B14,數據!$W:$W) -> 17 | Y14: =MIN(IFERROR(X14/W14*($AF$5/$AF$4),0),1)*3 -> 1.4529915 | Z14: =SUMIF(■我的大類_重點目標!$C:$C,$B14,■我的大類_重點目標!$O:$O) -> 18 | AA14: =SUMIF(數據!$A:$A,$B14,數據!$X:$X)+SUMIF(數據!$A:$A,$B14,數據!$Y:$Y) -> 8 | AB14: =MIN(IFERROR(AA14/Z14*($AF$5/$AF$4),0),1)*3 -> 1.4814815 | AC14: =SUM(I14,M14,P14,S14,V14,Y14,AB14) -> 13.148375 | AE14: 12 | AF14: 良好 | AG14: 5000
A15: 後昌店 | B15: 黃閔聖 | C15: 銀級 | D15: =SUM(I15,M15,P15,S15,V15,Y15,AB15) -> 10.45549 | E15: =IF(D15>=20,9000,IF(D15>=18,8000,IF(D15>=16,7000,IF(D15>=14,6000,IF(D15>=12,5000,IF(D15>=10,4000,IF(D15>=8,3000,0))))))) -> 4000 | F15: =SUMIF(■我的大類_重點目標!$C:$C,$B15,■我的大類_重點目標!$H:$H) -> 332 | G15: =SUMIF(數據!$A:$A,$B15,數據!$I:$I) -> 159.95 | H15: =IFERROR(G15/F15*($AF$5/$AF$4),0) -> 0.5353079 | I15: =MIN(H15,1)*4 -> 2.1412316 | J15: =SUMIF(■我的大類_重點目標!$C:$C,$B15,■我的大類_重點目標!$I:$I) -> 60 | K15: =SUMIF(數據!$A:$A,$B15,數據!$J:$J)+SUMIF(數據!$A:$A,$B15,數據!$K:$K) -> 27 | L15: =IFERROR(K15/J15*($AF$5/$AF$4),0) -> 0.5 | M15: =MIN(L15,1)*4 -> 2 | N15: =SUMIF(■我的大類_重點目標!$C:$C,$B15,■我的大類_重點目標!$J:$J) -> 23 | O15: =SUMIF(數據!$A:$A,$B15,數據!$L:$L)+SUMIF(數據!$A:$A,$B15,數據!$M:$M) -> 10 | P15: =MIN(IFERROR(O15/N15*($AF$5/$AF$4),0),1)*2 -> 0.96618357 | Q15: =SUMIF(■我的大類_重點目標!$C:$C,$B15,■我的大類_重點目標!$L:$L) -> 19 | R15: =SUMIF(數據!$A:$A,$B15,數據!$R:$R)+SUMIF(數據!$A:$A,$B15,數據!$S:$S) -> 6 | S15: =MIN(IFERROR(R15/Q15*($AF$5/$AF$4),0),1)*2 -> 0.70175439 | T15: =SUMIF(■我的大類_重點目標!$C:$C,$B15,■我的大類_重點目標!$M:$M) -> 17 | U15: =SUMIF(數據!$A:$A,$B15,數據!$N:$N)+SUMIF(數據!$A:$A,$B15,數據!$O:$O) -> 10 | V15: =MIN(IFERROR(U15/T15*($AF$5/$AF$4),0),1)*2 -> 1.3071895 | W15: =SUMIF(■我的大類_重點目標!$C:$C,$B15,■我的大類_重點目標!$N:$N) -> 50 | X15: =SUMIF(數據!$A:$A,$B15,數據!$V:$V)+SUMIF(數據!$A:$A,$B15,數據!$W:$W) -> 24 | Y15: =MIN(IFERROR(X15/W15*($AF$5/$AF$4),0),1)*3 -> 1.6 | Z15: =SUMIF(■我的大類_重點目標!$C:$C,$B15,■我的大類_重點目標!$O:$O) -> 23 | AA15: =SUMIF(數據!$A:$A,$B15,數據!$X:$X)+SUMIF(數據!$A:$A,$B15,數據!$Y:$Y) -> 12 | AB15: =MIN(IFERROR(AA15/Z15*($AF$5/$AF$4),0),1)*3 -> 1.7391304 | AC15: =SUM(I15,M15,P15,S15,V15,Y15,AB15) -> 10.45549 | AE15: 11 | AF15: 良好 | AG15: 4000
A16: 後昌店 | B16: 秦曼芯 | C16: 石頭 | D16: =SUM(I16,M16,P16,S16,V16,Y16,AB16) -> 8.1640953 | E16: =IF(D16>=20,9000,IF(D16>=18,8000,IF(D16>=16,7000,IF(D16>=14,6000,IF(D16>=12,5000,IF(D16>=10,4000,IF(D16>=8,3000,0))))))) -> 3000 | F16: =SUMIF(■我的大類_重點目標!$C:$C,$B16,■我的大類_重點目標!$H:$H) -> 228 | G16: =SUMIF(數據!$A:$A,$B16,數據!$I:$I) -> 79 | H16: =IFERROR(G16/F16*($AF$5/$AF$4),0) -> 0.38499025 | I16: =MIN(H16,1)*4 -> 1.539961 | J16: =SUMIF(■我的大類_重點目標!$C:$C,$B16,■我的大類_重點目標!$I:$I) -> 42 | K16: =SUMIF(數據!$A:$A,$B16,數據!$J:$J)+SUMIF(數據!$A:$A,$B16,數據!$K:$K) -> 16 | L16: =IFERROR(K16/J16*($AF$5/$AF$4),0) -> 0.42328042 | M16: =MIN(L16,1)*4 -> 1.6931217 | N16: =SUMIF(■我的大類_重點目標!$C:$C,$B16,■我的大類_重點目標!$J:$J) -> 16 | O16: =SUMIF(數據!$A:$A,$B16,數據!$L:$L)+SUMIF(數據!$A:$A,$B16,數據!$M:$M) -> 5 | P16: =MIN(IFERROR(O16/N16*($AF$5/$AF$4),0),1)*2 -> 0.69444444 | Q16: =SUMIF(■我的大類_重點目標!$C:$C,$B16,■我的大類_重點目標!$L:$L) -> 13 | R16: =SUMIF(數據!$A:$A,$B16,數據!$R:$R)+SUMIF(數據!$A:$A,$B16,數據!$S:$S) -> 4 | S16: =MIN(IFERROR(R16/Q16*($AF$5/$AF$4),0),1)*2 -> 0.68376068 | T16: =SUMIF(■我的大類_重點目標!$C:$C,$B16,■我的大類_重點目標!$M:$M) -> 11 | U16: =SUMIF(數據!$A:$A,$B16,數據!$N:$N)+SUMIF(數據!$A:$A,$B16,數據!$O:$O) -> 6 | V16: =MIN(IFERROR(U16/T16*($AF$5/$AF$4),0),1)*2 -> 1.2121212 | W16: =SUMIF(■我的大類_重點目標!$C:$C,$B16,■我的大類_重點目標!$N:$N) -> 34 | X16: =SUMIF(數據!$A:$A,$B16,數據!$V:$V)+SUMIF(數據!$A:$A,$B16,數據!$W:$W) -> 9 | Y16: =MIN(IFERROR(X16/W16*($AF$5/$AF$4),0),1)*3 -> 0.88235294 | Z16: =SUMIF(■我的大類_重點目標!$C:$C,$B16,■我的大類_重點目標!$O:$O) -> 16 | AA16: =SUMIF(數據!$A:$A,$B16,數據!$X:$X)+SUMIF(數據!$A:$A,$B16,數據!$Y:$Y) -> 7 | AB16: =MIN(IFERROR(AA16/Z16*($AF$5/$AF$4),0),1)*3 -> 1.4583333 | AC16: =SUM(I16,M16,P16,S16,V16,Y16,AB16) -> 8.1640953 | AE16: 10 | AF16: 合格 | AG16: 4000
A17: 仁雄店 | B17: 黃傑稜 | C17: 白金級 | D17: =SUM(I17,M17,P17,S17,V17,Y17,AB17) -> 12.264384 | E17: =IF(D17>=20,9000,IF(D17>=18,8000,IF(D17>=16,7000,IF(D17>=14,6000,IF(D17>=12,5000,IF(D17>=10,4000,IF(D17>=8,3000,0))))))) -> 5000 | F17: =SUMIF(■我的大類_重點目標!$C:$C,$B17,■我的大類_重點目標!$H:$H) -> 349 | G17: =SUMIF(數據!$A:$A,$B17,數據!$I:$I) -> 263.95 | H17: =IFERROR(G17/F17*($AF$5/$AF$4),0) -> 0.84033747 | I17: =MIN(H17,1)*4 -> 3.3613499 | J17: =SUMIF(■我的大類_重點目標!$C:$C,$B17,■我的大類_重點目標!$I:$I) -> 64 | K17: =SUMIF(數據!$A:$A,$B17,數據!$J:$J)+SUMIF(數據!$A:$A,$B17,數據!$K:$K) -> 31 | L17: =IFERROR(K17/J17*($AF$5/$AF$4),0) -> 0.53819444 | M17: =MIN(L17,1)*4 -> 2.1527778 | N17: =SUMIF(■我的大類_重點目標!$C:$C,$B17,■我的大類_重點目標!$J:$J) -> 24 | O17: =SUMIF(數據!$A:$A,$B17,數據!$L:$L)+SUMIF(數據!$A:$A,$B17,數據!$M:$M) -> 20 | P17: =MIN(IFERROR(O17/N17*($AF$5/$AF$4),0),1)*2 -> 1.8518519 | Q17: =SUMIF(■我的大類_重點目標!$C:$C,$B17,■我的大類_重點目標!$L:$L) -> 19 | R17: =SUMIF(數據!$A:$A,$B17,數據!$R:$R)+SUMIF(數據!$A:$A,$B17,數據!$S:$S) -> 14 | S17: =MIN(IFERROR(R17/Q17*($AF$5/$AF$4),0),1)*2 -> 1.6374269 | T17: =SUMIF(■我的大類_重點目標!$C:$C,$B17,■我的大類_重點目標!$M:$M) -> 18 | U17: =SUMIF(數據!$A:$A,$B17,數據!$N:$N)+SUMIF(數據!$A:$A,$B17,數據!$O:$O) -> 8 | V17: =MIN(IFERROR(U17/T17*($AF$5/$AF$4),0),1)*2 -> 0.98765432 | W17: =SUMIF(■我的大類_重點目標!$C:$C,$B17,■我的大類_重點目標!$N:$N) -> 53 | X17: =SUMIF(數據!$A:$A,$B17,數據!$V:$V)+SUMIF(數據!$A:$A,$B17,數據!$W:$W) -> 24 | Y17: =MIN(IFERROR(X17/W17*($AF$5/$AF$4),0),1)*3 -> 1.509434 | Z17: =SUMIF(■我的大類_重點目標!$C:$C,$B17,■我的大類_重點目標!$O:$O) -> 24 | AA17: =SUMIF(數據!$A:$A,$B17,數據!$X:$X)+SUMIF(數據!$A:$A,$B17,數據!$Y:$Y) -> 5.5 | AB17: =MIN(IFERROR(AA17/Z17*($AF$5/$AF$4),0),1)*3 -> 0.76388889 | AC17: =SUM(I17,M17,P17,S17,V17,Y17,AB17) -> 12.264384 | AE17: 9 | AF17: 合格 | AG17: 3000
A18: 仁雄店 | B18: 郭紳鴻 | C18: 銅級 | D18: =SUM(I18,M18,P18,S18,V18,Y18,AB18) -> 9.3173765 | E18: =IF(D18>=20,9000,IF(D18>=18,8000,IF(D18>=16,7000,IF(D18>=14,6000,IF(D18>=12,5000,IF(D18>=10,4000,IF(D18>=8,3000,0))))))) -> 3000 | F18: =SUMIF(■我的大類_重點目標!$C:$C,$B18,■我的大類_重點目標!$H:$H) -> 382 | G18: =SUMIF(數據!$A:$A,$B18,數據!$I:$I) -> 180.2 | H18: =IFERROR(G18/F18*($AF$5/$AF$4),0) -> 0.52414194 | I18: =MIN(H18,1)*4 -> 2.0965678 | J18: =SUMIF(■我的大類_重點目標!$C:$C,$B18,■我的大類_重點目標!$I:$I) -> 69 | K18: =SUMIF(數據!$A:$A,$B18,數據!$J:$J)+SUMIF(數據!$A:$A,$B18,數據!$K:$K) -> 28 | L18: =IFERROR(K18/J18*($AF$5/$AF$4),0) -> 0.45088567 | M18: =MIN(L18,1)*4 -> 1.8035427 | N18: =SUMIF(■我的大類_重點目標!$C:$C,$B18,■我的大類_重點目標!$J:$J) -> 26 | O18: =SUMIF(數據!$A:$A,$B18,數據!$L:$L)+SUMIF(數據!$A:$A,$B18,數據!$M:$M) -> 13 | P18: =MIN(IFERROR(O18/N18*($AF$5/$AF$4),0),1)*2 -> 1.1111111 | Q18: =SUMIF(■我的大類_重點目標!$C:$C,$B18,■我的大類_重點目標!$L:$L) -> 20 | R18: =SUMIF(數據!$A:$A,$B18,數據!$R:$R)+SUMIF(數據!$A:$A,$B18,數據!$S:$S) -> 7 | S18: =MIN(IFERROR(R18/Q18*($AF$5/$AF$4),0),1)*2 -> 0.77777778 | T18: =SUMIF(■我的大類_重點目標!$C:$C,$B18,■我的大類_重點目標!$M:$M) -> 19 | U18: =SUMIF(數據!$A:$A,$B18,數據!$N:$N)+SUMIF(數據!$A:$A,$B18,數據!$O:$O) -> 7 | V18: =MIN(IFERROR(U18/T18*($AF$5/$AF$4),0),1)*2 -> 0.81871345 | W18: =SUMIF(■我的大類_重點目標!$C:$C,$B18,■我的大類_重點目標!$N:$N) -> 58 | X18: =SUMIF(數據!$A:$A,$B18,數據!$V:$V)+SUMIF(數據!$A:$A,$B18,數據!$W:$W) -> 16 | Y18: =MIN(IFERROR(X18/W18*($AF$5/$AF$4),0),1)*3 -> 0.91954023 | Z18: =SUMIF(■我的大類_重點目標!$C:$C,$B18,■我的大類_重點目標!$O:$O) -> 27 | AA18: =SUMIF(數據!$A:$A,$B18,數據!$X:$X)+SUMIF(數據!$A:$A,$B18,數據!$Y:$Y) -> 14.5 | AB18: =MIN(IFERROR(AA18/Z18*($AF$5/$AF$4),0),1)*3 -> 1.7901235 | AC18: =SUM(I18,M18,P18,S18,V18,Y18,AB18) -> 9.3173765 | AE18: 8 | AF18: 合格 | AG18: 3000
A19: 仁雄店 | B19: 石佳穎 | C19: 銀級 | D19: =SUM(I19,M19,P19,S19,V19,Y19,AB19) -> 7.6515409 | E19: =IF(D19>=20,9000,IF(D19>=18,8000,IF(D19>=16,7000,IF(D19>=14,6000,IF(D19>=12,5000,IF(D19>=10,4000,IF(D19>=8,3000,0))))))) -> 0 | F19: =SUMIF(■我的大類_重點目標!$C:$C,$B19,■我的大類_重點目標!$H:$H) -> 328 | G19: =SUMIF(數據!$A:$A,$B19,數據!$I:$I) -> 131.9 | H19: =IFERROR(G19/F19*($AF$5/$AF$4),0) -> 0.44681572 | I19: =MIN(H19,1)*4 -> 1.7872629 | J19: =SUMIF(■我的大類_重點目標!$C:$C,$B19,■我的大類_重點目標!$I:$I) -> 60 | K19: =SUMIF(數據!$A:$A,$B19,數據!$J:$J)+SUMIF(數據!$A:$A,$B19,數據!$K:$K) -> 20 | L19: =IFERROR(K19/J19*($AF$5/$AF$4),0) -> 0.37037037 | M19: =MIN(L19,1)*4 -> 1.4814815 | N19: =SUMIF(■我的大類_重點目標!$C:$C,$B19,■我的大類_重點目標!$J:$J) -> 23 | O19: =SUMIF(數據!$A:$A,$B19,數據!$L:$L)+SUMIF(數據!$A:$A,$B19,數據!$M:$M) -> 7 | P19: =MIN(IFERROR(O19/N19*($AF$5/$AF$4),0),1)*2 -> 0.6763285 | Q19: =SUMIF(■我的大類_重點目標!$C:$C,$B19,■我的大類_重點目標!$L:$L) -> 18 | R19: =SUMIF(數據!$A:$A,$B19,數據!$R:$R)+SUMIF(數據!$A:$A,$B19,數據!$S:$S) -> 7 | S19: =MIN(IFERROR(R19/Q19*($AF$5/$AF$4),0),1)*2 -> 0.86419753 | T19: =SUMIF(■我的大類_重點目標!$C:$C,$B19,■我的大類_重點目標!$M:$M) -> 16 | U19: =SUMIF(數據!$A:$A,$B19,數據!$N:$N)+SUMIF(數據!$A:$A,$B19,數據!$O:$O) -> 5 | V19: =MIN(IFERROR(U19/T19*($AF$5/$AF$4),0),1)*2 -> 0.69444444 | W19: =SUMIF(■我的大類_重點目標!$C:$C,$B19,■我的大類_重點目標!$N:$N) -> 50 | X19: =SUMIF(數據!$A:$A,$B19,數據!$V:$V)+SUMIF(數據!$A:$A,$B19,數據!$W:$W) -> 17 | Y19: =MIN(IFERROR(X19/W19*($AF$5/$AF$4),0),1)*3 -> 1.1333333 | Z19: =SUMIF(■我的大類_重點目標!$C:$C,$B19,■我的大類_重點目標!$O:$O) -> 23 | AA19: =SUMIF(數據!$A:$A,$B19,數據!$X:$X)+SUMIF(數據!$A:$A,$B19,數據!$Y:$Y) -> 7 | AB19: =MIN(IFERROR(AA19/Z19*($AF$5/$AF$4),0),1)*3 -> 1.0144928 | AC19: =SUM(I19,M19,P19,S19,V19,Y19,AB19) -> 7.6515409 | AE19: 7 | AF19: 努力
A20: 仁雄店 | B20: 蔡冠廷 | C20: 石頭 | D20: =SUM(I20,M20,P20,S20,V20,Y20,AB20) -> 11.580015 | E20: =IF(D20>=20,9000,IF(D20>=18,8000,IF(D20>=16,7000,IF(D20>=14,6000,IF(D20>=12,5000,IF(D20>=10,4000,IF(D20>=8,3000,0))))))) -> 4000 | F20: =SUMIF(■我的大類_重點目標!$C:$C,$B20,■我的大類_重點目標!$H:$H) -> 228 | G20: =SUMIF(數據!$A:$A,$B20,數據!$I:$I) -> 184.75 | H20: =IFERROR(G20/F20*($AF$5/$AF$4),0) -> 0.90034113 | I20: =MIN(H20,1)*4 -> 3.6013645 | J20: =SUMIF(■我的大類_重點目標!$C:$C,$B20,■我的大類_重點目標!$I:$I) -> 41 | K20: =SUMIF(數據!$A:$A,$B20,數據!$J:$J)+SUMIF(數據!$A:$A,$B20,數據!$K:$K) -> 18 | L20: =IFERROR(K20/J20*($AF$5/$AF$4),0) -> 0.48780488 | M20: =MIN(L20,1)*4 -> 1.9512195 | N20: =SUMIF(■我的大類_重點目標!$C:$C,$B20,■我的大類_重點目標!$J:$J) -> 16 | O20: =SUMIF(數據!$A:$A,$B20,數據!$L:$L)+SUMIF(數據!$A:$A,$B20,數據!$M:$M) -> 8 | P20: =MIN(IFERROR(O20/N20*($AF$5/$AF$4),0),1)*2 -> 1.1111111 | Q20: =SUMIF(■我的大類_重點目標!$C:$C,$B20,■我的大類_重點目標!$L:$L) -> 12 | R20: =SUMIF(數據!$A:$A,$B20,數據!$R:$R)+SUMIF(數據!$A:$A,$B20,數據!$S:$S) -> 7 | S20: =MIN(IFERROR(R20/Q20*($AF$5/$AF$4),0),1)*2 -> 1.2962963 | T20: =SUMIF(■我的大類_重點目標!$C:$C,$B20,■我的大類_重點目標!$M:$M) -> 11 | U20: =SUMIF(數據!$A:$A,$B20,數據!$N:$N)+SUMIF(數據!$A:$A,$B20,數據!$O:$O) -> 7 | V20: =MIN(IFERROR(U20/T20*($AF$5/$AF$4),0),1)*2 -> 1.4141414 | W20: =SUMIF(■我的大類_重點目標!$C:$C,$B20,■我的大類_重點目標!$N:$N) -> 34 | X20: =SUMIF(數據!$A:$A,$B20,數據!$V:$V)+SUMIF(數據!$A:$A,$B20,數據!$W:$W) -> 14 | Y20: =MIN(IFERROR(X20/W20*($AF$5/$AF$4),0),1)*3 -> 1.372549 | Z20: =SUMIF(■我的大類_重點目標!$C:$C,$B20,■我的大類_重點目標!$O:$O) -> 16 | AA20: =SUMIF(數據!$A:$A,$B20,數據!$X:$X)+SUMIF(數據!$A:$A,$B20,數據!$Y:$Y) -> 4 | AB20: =MIN(IFERROR(AA20/Z20*($AF$5/$AF$4),0),1)*3 -> 0.83333333 | AC20: =SUM(I20,M20,P20,S20,V20,Y20,AB20) -> 11.580015 | AE20: 6 | AF20: 努力
A21: 凱旋店 | B21: 陳宛姍 | C21: 白金級 | D21: =SUM(I21,M21,P21,S21,V21,Y21,AB21) -> 12.239602 | E21: =IF(D21>=20,9000,IF(D21>=18,8000,IF(D21>=16,7000,IF(D21>=14,6000,IF(D21>=12,5000,IF(D21>=10,4000,IF(D21>=8,3000,0))))))) -> 5000 | F21: =SUMIF(■我的大類_重點目標!$C:$C,$B21,■我的大類_重點目標!$H:$H) -> 329 | G21: =SUMIF(數據!$A:$A,$B21,數據!$I:$I) -> 200.5 | H21: =IFERROR(G21/F21*($AF$5/$AF$4),0) -> 0.6771361 | I21: =MIN(H21,1)*4 -> 2.7085444 | J21: =SUMIF(■我的大類_重點目標!$C:$C,$B21,■我的大類_重點目標!$I:$I) -> 60 | K21: =SUMIF(數據!$A:$A,$B21,數據!$J:$J)+SUMIF(數據!$A:$A,$B21,數據!$K:$K) -> 35 | L21: =IFERROR(K21/J21*($AF$5/$AF$4),0) -> 0.64814815 | M21: =MIN(L21,1)*4 -> 2.5925926 | N21: =SUMIF(■我的大類_重點目標!$C:$C,$B21,■我的大類_重點目標!$J:$J) -> 23 | O21: =SUMIF(數據!$A:$A,$B21,數據!$L:$L)+SUMIF(數據!$A:$A,$B21,數據!$M:$M) -> 17 | P21: =MIN(IFERROR(O21/N21*($AF$5/$AF$4),0),1)*2 -> 1.6425121 | Q21: =SUMIF(■我的大類_重點目標!$C:$C,$B21,■我的大類_重點目標!$L:$L) -> 17 | R21: =SUMIF(數據!$A:$A,$B21,數據!$R:$R)+SUMIF(數據!$A:$A,$B21,數據!$S:$S) -> 8 | S21: =MIN(IFERROR(R21/Q21*($AF$5/$AF$4),0),1)*2 -> 1.0457516 | T21: =SUMIF(■我的大類_重點目標!$C:$C,$B21,■我的大類_重點目標!$M:$M) -> 15 | U21: =SUMIF(數據!$A:$A,$B21,數據!$N:$N)+SUMIF(數據!$A:$A,$B21,數據!$O:$O) -> 10 | V21: =MIN(IFERROR(U21/T21*($AF$5/$AF$4),0),1)*2 -> 1.4814815 | W21: =SUMIF(■我的大類_重點目標!$C:$C,$B21,■我的大類_重點目標!$N:$N) -> 48 | X21: =SUMIF(數據!$A:$A,$B21,數據!$V:$V)+SUMIF(數據!$A:$A,$B21,數據!$W:$W) -> 19 | Y21: =MIN(IFERROR(X21/W21*($AF$5/$AF$4),0),1)*3 -> 1.3194444 | Z21: =SUMIF(■我的大類_重點目標!$C:$C,$B21,■我的大類_重點目標!$O:$O) -> 23 | AA21: =SUMIF(數據!$A:$A,$B21,數據!$X:$X)+SUMIF(數據!$A:$A,$B21,數據!$Y:$Y) -> 10 | AB21: =MIN(IFERROR(AA21/Z21*($AF$5/$AF$4),0),1)*3 -> 1.4492754 | AC21: =SUM(I21,M21,P21,S21,V21,Y21,AB21) -> 12.239602 | AE21: 5 | AF21: 加油
A22: 凱旋店 | B22: 黃子珊 | C22: 銀級 | D22: =SUM(I22,M22,P22,S22,V22,Y22,AB22) -> 10.831384 | E22: =IF(D22>=20,9000,IF(D22>=18,8000,IF(D22>=16,7000,IF(D22>=14,6000,IF(D22>=12,5000,IF(D22>=10,4000,IF(D22>=8,3000,0))))))) -> 4000 | F22: =SUMIF(■我的大類_重點目標!$C:$C,$B22,■我的大類_重點目標!$H:$H) -> 291 | G22: =SUMIF(數據!$A:$A,$B22,數據!$I:$I) -> 172.75 | H22: =IFERROR(G22/F22*($AF$5/$AF$4),0) -> 0.6596029 | I22: =MIN(H22,1)*4 -> 2.6384116 | J22: =SUMIF(■我的大類_重點目標!$C:$C,$B22,■我的大類_重點目標!$I:$I) -> 53 | K22: =SUMIF(數據!$A:$A,$B22,數據!$J:$J)+SUMIF(數據!$A:$A,$B22,數據!$K:$K) -> 22 | L22: =IFERROR(K22/J22*($AF$5/$AF$4),0) -> 0.46121593 | M22: =MIN(L22,1)*4 -> 1.8448637 | N22: =SUMIF(■我的大類_重點目標!$C:$C,$B22,■我的大類_重點目標!$J:$J) -> 20 | O22: =SUMIF(數據!$A:$A,$B22,數據!$L:$L)+SUMIF(數據!$A:$A,$B22,數據!$M:$M) -> 11 | P22: =MIN(IFERROR(O22/N22*($AF$5/$AF$4),0),1)*2 -> 1.2222222 | Q22: =SUMIF(■我的大類_重點目標!$C:$C,$B22,■我的大類_重點目標!$L:$L) -> 15 | R22: =SUMIF(數據!$A:$A,$B22,數據!$R:$R)+SUMIF(數據!$A:$A,$B22,數據!$S:$S) -> 7 | S22: =MIN(IFERROR(R22/Q22*($AF$5/$AF$4),0),1)*2 -> 1.037037 | T22: =SUMIF(■我的大類_重點目標!$C:$C,$B22,■我的大類_重點目標!$M:$M) -> 13 | U22: =SUMIF(數據!$A:$A,$B22,數據!$N:$N)+SUMIF(數據!$A:$A,$B22,數據!$O:$O) -> 9 | V22: =MIN(IFERROR(U22/T22*($AF$5/$AF$4),0),1)*2 -> 1.5384615 | W22: =SUMIF(■我的大類_重點目標!$C:$C,$B22,■我的大類_重點目標!$N:$N) -> 43 | X22: =SUMIF(數據!$A:$A,$B22,數據!$V:$V)+SUMIF(數據!$A:$A,$B22,數據!$W:$W) -> 20 | Y22: =MIN(IFERROR(X22/W22*($AF$5/$AF$4),0),1)*3 -> 1.5503876 | Z22: =SUMIF(■我的大類_重點目標!$C:$C,$B22,■我的大類_重點目標!$O:$O) -> 20 | AA22: =SUMIF(數據!$A:$A,$B22,數據!$X:$X)+SUMIF(數據!$A:$A,$B22,數據!$Y:$Y) -> 6 | AB22: =MIN(IFERROR(AA22/Z22*($AF$5/$AF$4),0),1)*3 -> 1 | AC22: =SUM(I22,M22,P22,S22,V22,Y22,AB22) -> 10.831384 | AE22: 4 | AF22: 加油
A24: 凱旋店 | B24: 林瑞獻 | C24: 石頭 | D24: =SUM(I24,M24,P24,S24,V24,Y24,AB24) -> 8.0263889 | E24: =IF(D24>=20,9000,IF(D24>=18,8000,IF(D24>=16,7000,IF(D24>=14,6000,IF(D24>=12,5000,IF(D24>=10,4000,IF(D24>=8,3000,0))))))) -> 3000 | F24: =SUMIF(■我的大類_重點目標!$C:$C,$B24,■我的大類_重點目標!$H:$H) -> 238 | G24: =SUMIF(數據!$A:$A,$B24,數據!$I:$I) -> 99.2 | H24: =IFERROR(G24/F24*($AF$5/$AF$4),0) -> 0.46311858 | I24: =MIN(H24,1)*4 -> 1.8524743 | J24: =SUMIF(■我的大類_重點目標!$C:$C,$B24,■我的大類_重點目標!$I:$I) -> 43 | K24: =SUMIF(數據!$A:$A,$B24,數據!$J:$J)+SUMIF(數據!$A:$A,$B24,數據!$K:$K) -> 15 | L24: =IFERROR(K24/J24*($AF$5/$AF$4),0) -> 0.3875969 | M24: =MIN(L24,1)*4 -> 1.5503876 | N24: =SUMIF(■我的大類_重點目標!$C:$C,$B24,■我的大類_重點目標!$J:$J) -> 16 | O24: =SUMIF(數據!$A:$A,$B24,數據!$L:$L)+SUMIF(數據!$A:$A,$B24,數據!$M:$M) -> 10 | P24: =MIN(IFERROR(O24/N24*($AF$5/$AF$4),0),1)*2 -> 1.3888889 | Q24: =SUMIF(■我的大類_重點目標!$C:$C,$B24,■我的大類_重點目標!$L:$L) -> 12 | R24: =SUMIF(數據!$A:$A,$B24,數據!$R:$R)+SUMIF(數據!$A:$A,$B24,數據!$S:$S) -> 2 | S24: =MIN(IFERROR(R24/Q24*($AF$5/$AF$4),0),1)*2 -> 0.37037037 | T24: =SUMIF(■我的大類_重點目標!$C:$C,$B24,■我的大類_重點目標!$M:$M) -> 11 | U24: =SUMIF(數據!$A:$A,$B24,數據!$N:$N)+SUMIF(數據!$A:$A,$B24,數據!$O:$O) -> 5 | V24: =MIN(IFERROR(U24/T24*($AF$5/$AF$4),0),1)*2 -> 1.010101 | W24: =SUMIF(■我的大類_重點目標!$C:$C,$B24,■我的大類_重點目標!$N:$N) -> 35 | X24: =SUMIF(數據!$A:$A,$B24,數據!$V:$V)+SUMIF(數據!$A:$A,$B24,數據!$W:$W) -> 14 | Y24: =MIN(IFERROR(X24/W24*($AF$5/$AF$4),0),1)*3 -> 1.3333333 | Z24: =SUMIF(■我的大類_重點目標!$C:$C,$B24,■我的大類_重點目標!$O:$O) -> 16 | AA24: =SUMIF(數據!$A:$A,$B24,數據!$X:$X)+SUMIF(數據!$A:$A,$B24,數據!$Y:$Y) -> 2.5 | AB24: =MIN(IFERROR(AA24/Z24*($AF$5/$AF$4),0),1)*3 -> 0.52083333 | AC24: =SUM(I24,M24,P24,S24,V24,Y24,AB24) -> 8.0263889 | AE24: 2 | AF24: 加油
A25: 凱旋店 | B25: 劉宗翰 | C25: 小石頭 | D25: =SUM(I25,M25,P25,S25,V25,Y25,AB25) -> 13.146009 | E25: =IF(D25>=20,9000,IF(D25>=18,8000,IF(D25>=16,7000,IF(D25>=14,6000,IF(D25>=12,5000,IF(D25>=10,4000,IF(D25>=8,3000,0))))))) -> 5000 | F25: =SUMIF(■我的大類_重點目標!$C:$C,$B25,■我的大類_重點目標!$H:$H) -> 167 | G25: =SUMIF(數據!$A:$A,$B25,數據!$I:$I) -> 133 | H25: =IFERROR(G25/F25*($AF$5/$AF$4),0) -> 0.88489687 | I25: =MIN(H25,1)*4 -> 3.5395875 | J25: =SUMIF(■我的大類_重點目標!$C:$C,$B25,■我的大類_重點目標!$I:$I) -> 30 | K25: =SUMIF(數據!$A:$A,$B25,數據!$J:$J)+SUMIF(數據!$A:$A,$B25,數據!$K:$K) -> 15 | L25: =IFERROR(K25/J25*($AF$5/$AF$4),0) -> 0.55555556 | M25: =MIN(L25,1)*4 -> 2.2222222 | N25: =SUMIF(■我的大類_重點目標!$C:$C,$B25,■我的大類_重點目標!$J:$J) -> 12 | O25: =SUMIF(數據!$A:$A,$B25,數據!$L:$L)+SUMIF(數據!$A:$A,$B25,數據!$M:$M) -> 11 | P25: =MIN(IFERROR(O25/N25*($AF$5/$AF$4),0),1)*2 -> 2 | Q25: =SUMIF(■我的大類_重點目標!$C:$C,$B25,■我的大類_重點目標!$L:$L) -> 8 | R25: =SUMIF(數據!$A:$A,$B25,數據!$R:$R)+SUMIF(數據!$A:$A,$B25,數據!$S:$S) -> 5 | S25: =MIN(IFERROR(R25/Q25*($AF$5/$AF$4),0),1)*2 -> 1.3888889 | T25: =SUMIF(■我的大類_重點目標!$C:$C,$B25,■我的大類_重點目標!$M:$M) -> 7 | U25: =SUMIF(數據!$A:$A,$B25,數據!$N:$N)+SUMIF(數據!$A:$A,$B25,數據!$O:$O) -> 3 | V25: =MIN(IFERROR(U25/T25*($AF$5/$AF$4),0),1)*2 -> 0.95238095 | W25: =SUMIF(■我的大類_重點目標!$C:$C,$B25,■我的大類_重點目標!$N:$N) -> 24 | X25: =SUMIF(數據!$A:$A,$B25,數據!$V:$V)+SUMIF(數據!$A:$A,$B25,數據!$W:$W) -> 11 | Y25: =MIN(IFERROR(X25/W25*($AF$5/$AF$4),0),1)*3 -> 1.5277778 | Z25: =SUMIF(■我的大類_重點目標!$C:$C,$B25,■我的大類_重點目標!$O:$O) -> 11 | AA25: =SUMIF(數據!$A:$A,$B25,數據!$X:$X)+SUMIF(數據!$A:$A,$B25,數據!$Y:$Y) -> 5 | AB25: =MIN(IFERROR(AA25/Z25*($AF$5/$AF$4),0),1)*3 -> 1.5151515 | AC25: =SUM(I25,M25,P25,S25,V25,Y25,AB25) -> 13.146009 | AE25: 1 | AF25: 加油
AE26: 0 | AF26: 未達標
A29: 💡 使用說明
A30: 1. 本表自動從【你的全部獎金】工作表讀取實際業績數據
A31: 2. 總分由三大部分組成：RT點數評分(4分) + RT件數評分(3分) + 重點業務評分(11分) = 20分
A32: 3. 預估獎金根據總分自動查詢【全壘打獎金】對照表
A33: 4. 目標值可根據實際情況在D欄和G欄調整
A34: 5. 每次更新業績後，本表會自動重新計算得分和預估獎金

Sheet 5. 安打紀錄表
A1: ⚾ 安打紀錄球版
A2: 「累積你的安打紀錄，揮出月底全壘打！」
A3: 📅 場次： | B3: 下半場 | C3: 📋 手機案/保險 未達-$500 📋 配件/5G 未達各-$500
A4: 👤 球員 | C4: 📱 手機案 未達-500 | F4: 🛡️ 保險 未達-500 | I4: 🎁 配件 未達-500 | L4: 📶 5G 未達-500 | O4: 倚盟任務-舊機回收 未達-500 | R4: 💰 結算安打數
A5: 店點 | B5: 姓名 | C5: 目標 | D5: 實際 | E5: 獎扣 | F5: 目標 | G5: 實際 | H5: 獎扣 | I5: 目標 | J5: 實際 | K5: 獎扣 | L5: 目標 | M5: 實際 | N5: 獎扣 | O5: 目標 | P5: 實際 | Q5: 獎扣 | R5: 安打 | S5: 淨獎金 | T5: 狀態 | W5: 姓名 | X5: 店點 | Y5: 手機案_上目標 | Z5: 手機案_下目標 | AA5: 保險_上目標 | AB5: 保險_下目標 | AC5: 配件_上目標 | AD5: 配件_下目標 | AE5: 5G_上目標 | AF5: 5G_下目標
A6: 鼎山店 | B6: 劉家妘 | C6: =IF($B$3="上半場",INDEX($Y:$Y,MATCH($B6,$W:$W,0)),INDEX($Z:$Z,MATCH($B6,$W:$W,0))) -> 25 | D6: =IF($B$3="上半場",SUMIF(■我的KPI獎金!$B:$B,$B6,■我的KPI獎金!$F:$F),SUMIF(■我的KPI獎金!$B:$B,$B6,■我的KPI獎金!$I:$I)) -> 2 | E6: =IF(D6>=C6,0,-500) -> -500 | F6: =IF($B$3="上半場",INDEX($AA:$AA,MATCH($B6,$W:$W,0)),INDEX($AB:$AB,MATCH($B6,$W:$W,0))) -> 12 | G6: =IF($B$3="上半場",SUMIF(■我的KPI獎金!$B:$B,$B6,■我的KPI獎金!$L:$L),SUMIF(■我的KPI獎金!$B:$B,$B6,■我的KPI獎金!$O:$O)) -> 2 | H6: =IF(G6>=F6,0,-500) -> -500 | I6: =IF($B$3="上半場",INDEX($AC:$AC,MATCH($B6,$W:$W,0)),INDEX($AD:$AD,MATCH($B6,$W:$W,0))) -> 11289 | J6: =IF($B$3="上半場",SUMIF(■我的KPI獎金!$B:$B,$B6,■我的KPI獎金!$R:$R),SUMIF(■我的KPI獎金!$B:$B,$B6,■我的KPI獎金!$U:$U)) -> 11660.8 | K6: =IF(J6>=I6,0,-500) -> 0 | L6: =IF($B$3="上半場",INDEX($AE:$AE,MATCH($B6,$W:$W,0)),INDEX($AF:$AF,MATCH($B6,$W:$W,0))) -> 7 | M6: =IF($B$3="上半場",SUMIF(■我的KPI獎金!$B:$B,$B6,■我的KPI獎金!$X:$X),SUMIF(■我的KPI獎金!$B:$B,$B6,■我的KPI獎金!$AA:$AA)) -> 1 | N6: =IF(M6>=L6,0,-500) -> -500 | O6: 5 | P6: =SUMIF(■我的KPI獎金!$B:$B,$B6,■我的KPI獎金!$AD:$AD) -> 0 | Q6: =IF(P6>=O6,0,-500) -> -500 | R6: =COUNTIF(E6,">=0")+COUNTIF(H6,">=0")+COUNTIF(K6,">=0")+COUNTIF(N6,">=0")+COUNTIF(Q6,">=0") -> 1 | S6: =SUM(E6,H6,K6,N6,Q6) -> -2000 | T6: =IF(R6=7,"🏆 滿貫",IF(R6=6,"⚾⚾⚾⚾⚾⚾",IF(R6=5,"⚾⚾⚾⚾⚾",IF(R6=4,"⚾⚾⚾⚾",IF(R6=3,"⚾⚾⚾",IF(R6=2,"⚾⚾",IF(R6=1,"⚾","❌"))))))) -> ⚾ | W6: 劉家妘 | X6: 鼎山店 | Y6: 21 | Z6: 25 | AA6: 9 | AB6: 12 | AC6: 9237 | AD6: 11289 | AE6: 5 | AF6: 7
A7: 鼎山店 | B7: 陳亭安 | C7: =IF($B$3="上半場",INDEX($Y:$Y,MATCH($B7,$W:$W,0)),INDEX($Z:$Z,MATCH($B7,$W:$W,0))) -> 24 | D7: =IF($B$3="上半場",SUMIF(■我的KPI獎金!$B:$B,$B7,■我的KPI獎金!$F:$F),SUMIF(■我的KPI獎金!$B:$B,$B7,■我的KPI獎金!$I:$I)) -> 1 | E7: =IF(D7>=C7,0,-500) -> -500 | F7: =IF($B$3="上半場",INDEX($AA:$AA,MATCH($B7,$W:$W,0)),INDEX($AB:$AB,MATCH($B7,$W:$W,0))) -> 11 | G7: =IF($B$3="上半場",SUMIF(■我的KPI獎金!$B:$B,$B7,■我的KPI獎金!$L:$L),SUMIF(■我的KPI獎金!$B:$B,$B7,■我的KPI獎金!$O:$O)) -> 1 | H7: =IF(G7>=F7,0,-500) -> -500 | I7: =IF($B$3="上半場",INDEX($AC:$AC,MATCH($B7,$W:$W,0)),INDEX($AD:$AD,MATCH($B7,$W:$W,0))) -> 11289 | J7: =IF($B$3="上半場",SUMIF(■我的KPI獎金!$B:$B,$B7,■我的KPI獎金!$R:$R),SUMIF(■我的KPI獎金!$B:$B,$B7,■我的KPI獎金!$U:$U)) -> 7331 | K7: =IF(J7>=I7,0,-500) -> -500 | L7: =IF($B$3="上半場",INDEX($AE:$AE,MATCH($B7,$W:$W,0)),INDEX($AF:$AF,MATCH($B7,$W:$W,0))) -> 7 | M7: =IF($B$3="上半場",SUMIF(■我的KPI獎金!$B:$B,$B7,■我的KPI獎金!$X:$X),SUMIF(■我的KPI獎金!$B:$B,$B7,■我的KPI獎金!$AA:$AA)) -> 1 | N7: =IF(M7>=L7,0,-500) -> -500 | O7: 5 | P7: =SUMIF(■我的KPI獎金!$B:$B,$B7,■我的KPI獎金!$AD:$AD) -> 0 | Q7: =IF(P7>=O7,0,-500) -> -500 | R7: =COUNTIF(E7,">=0")+COUNTIF(H7,">=0")+COUNTIF(K7,">=0")+COUNTIF(N7,">=0")+COUNTIF(Q7,">=0") -> 0 | S7: =SUM(E7,H7,K7,N7,Q7) -> -2500 | T7: =IF(R7=7,"🏆 滿貫",IF(R7=6,"⚾⚾⚾⚾⚾⚾",IF(R7=5,"⚾⚾⚾⚾⚾",IF(R7=4,"⚾⚾⚾⚾",IF(R7=3,"⚾⚾⚾",IF(R7=2,"⚾⚾",IF(R7=1,"⚾","❌"))))))) -> ❌ | W7: 陳亭安 | X7: 鼎山店 | Y7: 19 | Z7: 24 | AA7: 9 | AB7: 11 | AC7: 9237 | AD7: 11289 | AE7: 5 | AF7: 7
A8: 鼎山店 | B8: 高琦茗 | C8: =IF($B$3="上半場",INDEX($Y:$Y,MATCH($B8,$W:$W,0)),INDEX($Z:$Z,MATCH($B8,$W:$W,0))) -> 22 | D8: =IF($B$3="上半場",SUMIF(■我的KPI獎金!$B:$B,$B8,■我的KPI獎金!$F:$F),SUMIF(■我的KPI獎金!$B:$B,$B8,■我的KPI獎金!$I:$I)) -> 2 | E8: =IF(D8>=C8,0,-500) -> -500 | F8: =IF($B$3="上半場",INDEX($AA:$AA,MATCH($B8,$W:$W,0)),INDEX($AB:$AB,MATCH($B8,$W:$W,0))) -> 10 | G8: =IF($B$3="上半場",SUMIF(■我的KPI獎金!$B:$B,$B8,■我的KPI獎金!$L:$L),SUMIF(■我的KPI獎金!$B:$B,$B8,■我的KPI獎金!$O:$O)) -> 1 | H8: =IF(G8>=F8,0,-500) -> -500 | I8: =IF($B$3="上半場",INDEX($AC:$AC,MATCH($B8,$W:$W,0)),INDEX($AD:$AD,MATCH($B8,$W:$W,0))) -> 11289 | J8: =IF($B$3="上半場",SUMIF(■我的KPI獎金!$B:$B,$B8,■我的KPI獎金!$R:$R),SUMIF(■我的KPI獎金!$B:$B,$B8,■我的KPI獎金!$U:$U)) -> 5684.8 | K8: =IF(J8>=I8,0,-500) -> -500 | L8: =IF($B$3="上半場",INDEX($AE:$AE,MATCH($B8,$W:$W,0)),INDEX($AF:$AF,MATCH($B8,$W:$W,0))) -> 6 | M8: =IF($B$3="上半場",SUMIF(■我的KPI獎金!$B:$B,$B8,■我的KPI獎金!$X:$X),SUMIF(■我的KPI獎金!$B:$B,$B8,■我的KPI獎金!$AA:$AA)) -> 0 | N8: =IF(M8>=L8,0,-500) -> -500 | O8: 5 | P8: =SUMIF(■我的KPI獎金!$B:$B,$B8,■我的KPI獎金!$AD:$AD) -> 0 | Q8: =IF(P8>=O8,0,-500) -> -500 | R8: =COUNTIF(E8,">=0")+COUNTIF(H8,">=0")+COUNTIF(K8,">=0")+COUNTIF(N8,">=0")+COUNTIF(Q8,">=0") -> 0 | S8: =SUM(E8,H8,K8,N8,Q8) -> -2500 | T8: =IF(R8=7,"🏆 滿貫",IF(R8=6,"⚾⚾⚾⚾⚾⚾",IF(R8=5,"⚾⚾⚾⚾⚾",IF(R8=4,"⚾⚾⚾⚾",IF(R8=3,"⚾⚾⚾",IF(R8=2,"⚾⚾",IF(R8=1,"⚾","❌"))))))) -> ❌ | W8: 高琦茗 | X8: 鼎山店 | Y8: 18 | Z8: 22 | AA8: 9 | AB8: 10 | AC8: 9237 | AD8: 11289 | AE8: 5 | AF8: 6
A9: 鼎山店 | B9: 彥州 | C9: =IF($B$3="上半場",INDEX($Y:$Y,MATCH($B9,$W:$W,0)),INDEX($Z:$Z,MATCH($B9,$W:$W,0))) -> 20 | D9: =IF($B$3="上半場",SUMIF(■我的KPI獎金!$B:$B,$B9,■我的KPI獎金!$F:$F),SUMIF(■我的KPI獎金!$B:$B,$B9,■我的KPI獎金!$I:$I)) -> 1 | E9: =IF(D9>=C9,0,-500) -> -500 | F9: =IF($B$3="上半場",INDEX($AA:$AA,MATCH($B9,$W:$W,0)),INDEX($AB:$AB,MATCH($B9,$W:$W,0))) -> 9 | G9: =IF($B$3="上半場",SUMIF(■我的KPI獎金!$B:$B,$B9,■我的KPI獎金!$L:$L),SUMIF(■我的KPI獎金!$B:$B,$B9,■我的KPI獎金!$O:$O)) -> 1 | H9: =IF(G9>=F9,0,-500) -> -500 | I9: =IF($B$3="上半場",INDEX($AC:$AC,MATCH($B9,$W:$W,0)),INDEX($AD:$AD,MATCH($B9,$W:$W,0))) -> 11289 | J9: =IF($B$3="上半場",SUMIF(■我的KPI獎金!$B:$B,$B9,■我的KPI獎金!$R:$R),SUMIF(■我的KPI獎金!$B:$B,$B9,■我的KPI獎金!$U:$U)) -> 4717 | K9: =IF(J9>=I9,0,-500) -> -500 | L9: =IF($B$3="上半場",INDEX($AE:$AE,MATCH($B9,$W:$W,0)),INDEX($AF:$AF,MATCH($B9,$W:$W,0))) -> 5 | M9: =IF($B$3="上半場",SUMIF(■我的KPI獎金!$B:$B,$B9,■我的KPI獎金!$X:$X),SUMIF(■我的KPI獎金!$B:$B,$B9,■我的KPI獎金!$AA:$AA)) -> 2 | N9: =IF(M9>=L9,0,-500) -> -500 | O9: 5 | P9: =SUMIF(■我的KPI獎金!$B:$B,$B9,■我的KPI獎金!$AD:$AD) -> 0 | Q9: =IF(P9>=O9,0,-500) -> -500 | R9: =COUNTIF(E9,">=0")+COUNTIF(H9,">=0")+COUNTIF(K9,">=0")+COUNTIF(N9,">=0")+COUNTIF(Q9,">=0") -> 0 | S9: =SUM(E9,H9,K9,N9,Q9) -> -2500 | T9: =IF(R9=7,"🏆 滿貫",IF(R9=6,"⚾⚾⚾⚾⚾⚾",IF(R9=5,"⚾⚾⚾⚾⚾",IF(R9=4,"⚾⚾⚾⚾",IF(R9=3,"⚾⚾⚾",IF(R9=2,"⚾⚾",IF(R9=1,"⚾","❌"))))))) -> ❌ | W9: 彥州 | X9: 鼎山店 | Y9: 16 | Z9: 20 | AA9: 7 | AB9: 9 | AC9: 9237 | AD9: 11289 | AE9: 4 | AF9: 5
A10: 區督導 | B10: 黃庭鈞 | C10: =IF($B$3="上半場",INDEX($Y:$Y,MATCH($B10,$W:$W,0)),INDEX($Z:$Z,MATCH($B10,$W:$W,0))) -> 19 | D10: =IF($B$3="上半場",SUMIF(■我的KPI獎金!$B:$B,$B10,■我的KPI獎金!$F:$F),SUMIF(■我的KPI獎金!$B:$B,$B10,■我的KPI獎金!$I:$I)) -> 3 | E10: =IF(D10>=C10,0,-500) -> -500 | F10: =IF($B$3="上半場",INDEX($AA:$AA,MATCH($B10,$W:$W,0)),INDEX($AB:$AB,MATCH($B10,$W:$W,0))) -> 9 | G10: =IF($B$3="上半場",SUMIF(■我的KPI獎金!$B:$B,$B10,■我的KPI獎金!$L:$L),SUMIF(■我的KPI獎金!$B:$B,$B10,■我的KPI獎金!$O:$O)) -> 1 | H10: =IF(G10>=F10,0,-500) -> -500 | I10: =IF($B$3="上半場",INDEX($AC:$AC,MATCH($B10,$W:$W,0)),INDEX($AD:$AD,MATCH($B10,$W:$W,0))) -> 11289 | J10: =IF($B$3="上半場",SUMIF(■我的KPI獎金!$B:$B,$B10,■我的KPI獎金!$R:$R),SUMIF(■我的KPI獎金!$B:$B,$B10,■我的KPI獎金!$U:$U)) -> 13509.91 | K10: =IF(J10>=I10,0,-500) -> 0 | L10: =IF($B$3="上半場",INDEX($AE:$AE,MATCH($B10,$W:$W,0)),INDEX($AF:$AF,MATCH($B10,$W:$W,0))) -> 5 | M10: =IF($B$3="上半場",SUMIF(■我的KPI獎金!$B:$B,$B10,■我的KPI獎金!$X:$X),SUMIF(■我的KPI獎金!$B:$B,$B10,■我的KPI獎金!$AA:$AA)) -> 0 | N10: =IF(M10>=L10,0,-500) -> -500 | O10: 5 | P10: =SUMIF(■我的KPI獎金!$B:$B,$B10,■我的KPI獎金!$AD:$AD) -> 0 | Q10: =IF(P10>=O10,0,-500) -> -500 | R10: =COUNTIF(E10,">=0")+COUNTIF(H10,">=0")+COUNTIF(K10,">=0")+COUNTIF(N10,">=0")+COUNTIF(Q10,">=0") -> 1 | S10: =SUM(E10,H10,K10,N10,Q10) -> -2000 | T10: =IF(R10=7,"🏆 滿貫",IF(R10=6,"⚾⚾⚾⚾⚾⚾",IF(R10=5,"⚾⚾⚾⚾⚾",IF(R10=4,"⚾⚾⚾⚾",IF(R10=3,"⚾⚾⚾",IF(R10=2,"⚾⚾",IF(R10=1,"⚾","❌"))))))) -> ⚾ | W10: 黃庭鈞 | X10: 區督導 | Y10: 16 | Z10: 19 | AA10: 7 | AB10: 9 | AC10: 9237 | AD10: 11289 | AE10: 5 | AF10: 5
A11: 陽明店 | B11: 劉芳廷 | C11: =IF($B$3="上半場",INDEX($Y:$Y,MATCH($B11,$W:$W,0)),INDEX($Z:$Z,MATCH($B11,$W:$W,0))) -> 24 | D11: =IF($B$3="上半場",SUMIF(■我的KPI獎金!$B:$B,$B11,■我的KPI獎金!$F:$F),SUMIF(■我的KPI獎金!$B:$B,$B11,■我的KPI獎金!$I:$I)) -> 2 | E11: =IF(D11>=C11,0,-500) -> -500 | F11: =IF($B$3="上半場",INDEX($AA:$AA,MATCH($B11,$W:$W,0)),INDEX($AB:$AB,MATCH($B11,$W:$W,0))) -> 12 | G11: =IF($B$3="上半場",SUMIF(■我的KPI獎金!$B:$B,$B11,■我的KPI獎金!$L:$L),SUMIF(■我的KPI獎金!$B:$B,$B11,■我的KPI獎金!$O:$O)) -> 0 | H11: =IF(G11>=F11,0,-500) -> -500 | I11: =IF($B$3="上半場",INDEX($AC:$AC,MATCH($B11,$W:$W,0)),INDEX($AD:$AD,MATCH($B11,$W:$W,0))) -> 11289 | J11: =IF($B$3="上半場",SUMIF(■我的KPI獎金!$B:$B,$B11,■我的KPI獎金!$R:$R),SUMIF(■我的KPI獎金!$B:$B,$B11,■我的KPI獎金!$U:$U)) -> 4816 | K11: =IF(J11>=I11,0,-500) -> -500 | L11: =IF($B$3="上半場",INDEX($AE:$AE,MATCH($B11,$W:$W,0)),INDEX($AF:$AF,MATCH($B11,$W:$W,0))) -> 8 | M11: =IF($B$3="上半場",SUMIF(■我的KPI獎金!$B:$B,$B11,■我的KPI獎金!$X:$X),SUMIF(■我的KPI獎金!$B:$B,$B11,■我的KPI獎金!$AA:$AA)) -> 0 | N11: =IF(M11>=L11,0,-500) -> -500 | O11: 5 | P11: =SUMIF(■我的KPI獎金!$B:$B,$B11,■我的KPI獎金!$AD:$AD) -> 0 | Q11: =IF(P11>=O11,0,-500) -> -500 | R11: =COUNTIF(E11,">=0")+COUNTIF(H11,">=0")+COUNTIF(K11,">=0")+COUNTIF(N11,">=0")+COUNTIF(Q11,">=0") -> 0 | S11: =SUM(E11,H11,K11,N11,Q11) -> -2500 | T11: =IF(R11=7,"🏆 滿貫",IF(R11=6,"⚾⚾⚾⚾⚾⚾",IF(R11=5,"⚾⚾⚾⚾⚾",IF(R11=4,"⚾⚾⚾⚾",IF(R11=3,"⚾⚾⚾",IF(R11=2,"⚾⚾",IF(R11=1,"⚾","❌"))))))) -> ❌ | W11: 劉芳廷 | X11: 陽明店 | Y11: 20 | Z11: 24 | AA11: 9 | AB11: 12 | AC11: 9237 | AD11: 11289 | AE11: 6 | AF11: 8
A12: 陽明店 | B12: 邱雨蔚 | C12: =IF($B$3="上半場",INDEX($Y:$Y,MATCH($B12,$W:$W,0)),INDEX($Z:$Z,MATCH($B12,$W:$W,0))) -> 24 | D12: =IF($B$3="上半場",SUMIF(■我的KPI獎金!$B:$B,$B12,■我的KPI獎金!$F:$F),SUMIF(■我的KPI獎金!$B:$B,$B12,■我的KPI獎金!$I:$I)) -> 4 | E12: =IF(D12>=C12,0,-500) -> -500 | F12: =IF($B$3="上半場",INDEX($AA:$AA,MATCH($B12,$W:$W,0)),INDEX($AB:$AB,MATCH($B12,$W:$W,0))) -> 11 | G12: =IF($B$3="上半場",SUMIF(■我的KPI獎金!$B:$B,$B12,■我的KPI獎金!$L:$L),SUMIF(■我的KPI獎金!$B:$B,$B12,■我的KPI獎金!$O:$O)) -> 2 | H12: =IF(G12>=F12,0,-500) -> -500 | I12: =IF($B$3="上半場",INDEX($AC:$AC,MATCH($B12,$W:$W,0)),INDEX($AD:$AD,MATCH($B12,$W:$W,0))) -> 11289 | J12: =IF($B$3="上半場",SUMIF(■我的KPI獎金!$B:$B,$B12,■我的KPI獎金!$R:$R),SUMIF(■我的KPI獎金!$B:$B,$B12,■我的KPI獎金!$U:$U)) -> 5358.8 | K12: =IF(J12>=I12,0,-500) -> -500 | L12: =IF($B$3="上半場",INDEX($AE:$AE,MATCH($B12,$W:$W,0)),INDEX($AF:$AF,MATCH($B12,$W:$W,0))) -> 7 | M12: =IF($B$3="上半場",SUMIF(■我的KPI獎金!$B:$B,$B12,■我的KPI獎金!$X:$X),SUMIF(■我的KPI獎金!$B:$B,$B12,■我的KPI獎金!$AA:$AA)) -> 2 | N12: =IF(M12>=L12,0,-500) -> -500 | O12: 5 | P12: =SUMIF(■我的KPI獎金!$B:$B,$B12,■我的KPI獎金!$AD:$AD) -> 0 | Q12: =IF(P12>=O12,0,-500) -> -500 | R12: =COUNTIF(E12,">=0")+COUNTIF(H12,">=0")+COUNTIF(K12,">=0")+COUNTIF(N12,">=0")+COUNTIF(Q12,">=0") -> 0 | S12: =SUM(E12,H12,K12,N12,Q12) -> -2500 | T12: =IF(R12=7,"🏆 滿貫",IF(R12=6,"⚾⚾⚾⚾⚾⚾",IF(R12=5,"⚾⚾⚾⚾⚾",IF(R12=4,"⚾⚾⚾⚾",IF(R12=3,"⚾⚾⚾",IF(R12=2,"⚾⚾",IF(R12=1,"⚾","❌"))))))) -> ❌ | W12: 邱雨蔚 | X12: 陽明店 | Y12: 20 | Z12: 24 | AA12: 9 | AB12: 11 | AC12: 9237 | AD12: 11289 | AE12: 6 | AF12: 7
A13: 陽明店 | B13: 林庭逸 | C13: =IF($B$3="上半場",INDEX($Y:$Y,MATCH($B13,$W:$W,0)),INDEX($Z:$Z,MATCH($B13,$W:$W,0))) -> 20 | D13: =IF($B$3="上半場",SUMIF(■我的KPI獎金!$B:$B,$B13,■我的KPI獎金!$F:$F),SUMIF(■我的KPI獎金!$B:$B,$B13,■我的KPI獎金!$I:$I)) -> 2 | E13: =IF(D13>=C13,0,-500) -> -500 | F13: =IF($B$3="上半場",INDEX($AA:$AA,MATCH($B13,$W:$W,0)),INDEX($AB:$AB,MATCH($B13,$W:$W,0))) -> 9 | G13: =IF($B$3="上半場",SUMIF(■我的KPI獎金!$B:$B,$B13,■我的KPI獎金!$L:$L),SUMIF(■我的KPI獎金!$B:$B,$B13,■我的KPI獎金!$O:$O)) -> 1 | H13: =IF(G13>=F13,0,-500) -> -500 | I13: =IF($B$3="上半場",INDEX($AC:$AC,MATCH($B13,$W:$W,0)),INDEX($AD:$AD,MATCH($B13,$W:$W,0))) -> 11289 | J13: =IF($B$3="上半場",SUMIF(■我的KPI獎金!$B:$B,$B13,■我的KPI獎金!$R:$R),SUMIF(■我的KPI獎金!$B:$B,$B13,■我的KPI獎金!$U:$U)) -> 2463 | K13: =IF(J13>=I13,0,-500) -> -500 | L13: =IF($B$3="上半場",INDEX($AE:$AE,MATCH($B13,$W:$W,0)),INDEX($AF:$AF,MATCH($B13,$W:$W,0))) -> 6 | M13: =IF($B$3="上半場",SUMIF(■我的KPI獎金!$B:$B,$B13,■我的KPI獎金!$X:$X),SUMIF(■我的KPI獎金!$B:$B,$B13,■我的KPI獎金!$AA:$AA)) -> 0 | N13: =IF(M13>=L13,0,-500) -> -500 | O13: 5 | P13: =SUMIF(■我的KPI獎金!$B:$B,$B13,■我的KPI獎金!$AD:$AD) -> 0 | Q13: =IF(P13>=O13,0,-500) -> -500 | R13: =COUNTIF(E13,">=0")+COUNTIF(H13,">=0")+COUNTIF(K13,">=0")+COUNTIF(N13,">=0")+COUNTIF(Q13,">=0") -> 0 | S13: =SUM(E13,H13,K13,N13,Q13) -> -2500 | T13: =IF(R13=7,"🏆 滿貫",IF(R13=6,"⚾⚾⚾⚾⚾⚾",IF(R13=5,"⚾⚾⚾⚾⚾",IF(R13=4,"⚾⚾⚾⚾",IF(R13=3,"⚾⚾⚾",IF(R13=2,"⚾⚾",IF(R13=1,"⚾","❌"))))))) -> ❌ | W13: 林庭逸 | X13: 陽明店 | Y13: 16 | Z13: 20 | AA13: 8 | AB13: 9 | AC13: 9237 | AD13: 11289 | AE13: 5 | AF13: 6
A14: 後昌店 | B14: 郭家維 | C14: =IF($B$3="上半場",INDEX($Y:$Y,MATCH($B14,$W:$W,0)),INDEX($Z:$Z,MATCH($B14,$W:$W,0))) -> 21 | D14: =IF($B$3="上半場",SUMIF(■我的KPI獎金!$B:$B,$B14,■我的KPI獎金!$F:$F),SUMIF(■我的KPI獎金!$B:$B,$B14,■我的KPI獎金!$I:$I)) -> 3 | E14: =IF(D14>=C14,0,-500) -> -500 | F14: =IF($B$3="上半場",INDEX($AA:$AA,MATCH($B14,$W:$W,0)),INDEX($AB:$AB,MATCH($B14,$W:$W,0))) -> 10 | G14: =IF($B$3="上半場",SUMIF(■我的KPI獎金!$B:$B,$B14,■我的KPI獎金!$L:$L),SUMIF(■我的KPI獎金!$B:$B,$B14,■我的KPI獎金!$O:$O)) -> 1 | H14: =IF(G14>=F14,0,-500) -> -500 | I14: =IF($B$3="上半場",INDEX($AC:$AC,MATCH($B14,$W:$W,0)),INDEX($AD:$AD,MATCH($B14,$W:$W,0))) -> 11289 | J14: =IF($B$3="上半場",SUMIF(■我的KPI獎金!$B:$B,$B14,■我的KPI獎金!$R:$R),SUMIF(■我的KPI獎金!$B:$B,$B14,■我的KPI獎金!$U:$U)) -> 9406 | K14: =IF(J14>=I14,0,-500) -> -500 | L14: =IF($B$3="上半場",INDEX($AE:$AE,MATCH($B14,$W:$W,0)),INDEX($AF:$AF,MATCH($B14,$W:$W,0))) -> 6 | M14: =IF($B$3="上半場",SUMIF(■我的KPI獎金!$B:$B,$B14,■我的KPI獎金!$X:$X),SUMIF(■我的KPI獎金!$B:$B,$B14,■我的KPI獎金!$AA:$AA)) -> 0 | N14: =IF(M14>=L14,0,-500) -> -500 | O14: 5 | P14: =SUMIF(■我的KPI獎金!$B:$B,$B14,■我的KPI獎金!$AD:$AD) -> 0 | Q14: =IF(P14>=O14,0,-500) -> -500 | R14: =COUNTIF(E14,">=0")+COUNTIF(H14,">=0")+COUNTIF(K14,">=0")+COUNTIF(N14,">=0")+COUNTIF(Q14,">=0") -> 0 | S14: =SUM(E14,H14,K14,N14,Q14) -> -2500 | T14: =IF(R14=7,"🏆 滿貫",IF(R14=6,"⚾⚾⚾⚾⚾⚾",IF(R14=5,"⚾⚾⚾⚾⚾",IF(R14=4,"⚾⚾⚾⚾",IF(R14=3,"⚾⚾⚾",IF(R14=2,"⚾⚾",IF(R14=1,"⚾","❌"))))))) -> ❌ | W14: 郭家維 | X14: 後昌店 | Y14: 18 | Z14: 21 | AA14: 8 | AB14: 10 | AC14: 9237 | AD14: 11289 | AE14: 5 | AF14: 6
A15: 後昌店 | B15: 黃閔聖 | C15: =IF($B$3="上半場",INDEX($Y:$Y,MATCH($B15,$W:$W,0)),INDEX($Z:$Z,MATCH($B15,$W:$W,0))) -> 27 | D15: =IF($B$3="上半場",SUMIF(■我的KPI獎金!$B:$B,$B15,■我的KPI獎金!$F:$F),SUMIF(■我的KPI獎金!$B:$B,$B15,■我的KPI獎金!$I:$I)) -> 0 | E15: =IF(D15>=C15,0,-500) -> -500 | F15: =IF($B$3="上半場",INDEX($AA:$AA,MATCH($B15,$W:$W,0)),INDEX($AB:$AB,MATCH($B15,$W:$W,0))) -> 13 | G15: =IF($B$3="上半場",SUMIF(■我的KPI獎金!$B:$B,$B15,■我的KPI獎金!$L:$L),SUMIF(■我的KPI獎金!$B:$B,$B15,■我的KPI獎金!$O:$O)) -> 0 | H15: =IF(G15>=F15,0,-500) -> -500 | I15: =IF($B$3="上半場",INDEX($AC:$AC,MATCH($B15,$W:$W,0)),INDEX($AD:$AD,MATCH($B15,$W:$W,0))) -> 11289 | J15: =IF($B$3="上半場",SUMIF(■我的KPI獎金!$B:$B,$B15,■我的KPI獎金!$R:$R),SUMIF(■我的KPI獎金!$B:$B,$B15,■我的KPI獎金!$U:$U)) -> 9171.8 | K15: =IF(J15>=I15,0,-500) -> -500 | L15: =IF($B$3="上半場",INDEX($AE:$AE,MATCH($B15,$W:$W,0)),INDEX($AF:$AF,MATCH($B15,$W:$W,0))) -> 8 | M15: =IF($B$3="上半場",SUMIF(■我的KPI獎金!$B:$B,$B15,■我的KPI獎金!$X:$X),SUMIF(■我的KPI獎金!$B:$B,$B15,■我的KPI獎金!$AA:$AA)) -> 0 | N15: =IF(M15>=L15,0,-500) -> -500 | O15: 5 | P15: =SUMIF(■我的KPI獎金!$B:$B,$B15,■我的KPI獎金!$AD:$AD) -> 0 | Q15: =IF(P15>=O15,0,-500) -> -500 | R15: =COUNTIF(E15,">=0")+COUNTIF(H15,">=0")+COUNTIF(K15,">=0")+COUNTIF(N15,">=0")+COUNTIF(Q15,">=0") -> 0 | S15: =SUM(E15,H15,K15,N15,Q15) -> -2500 | T15: =IF(R15=7,"🏆 滿貫",IF(R15=6,"⚾⚾⚾⚾⚾⚾",IF(R15=5,"⚾⚾⚾⚾⚾",IF(R15=4,"⚾⚾⚾⚾",IF(R15=3,"⚾⚾⚾",IF(R15=2,"⚾⚾",IF(R15=1,"⚾","❌"))))))) -> ❌ | W15: 黃閔聖 | X15: 後昌店 | Y15: 23 | Z15: 27 | AA15: 10 | AB15: 13 | AC15: 9237 | AD15: 11289 | AE15: 7 | AF15: 8
A16: 後昌店 | B16: 秦曼芯 | C16: =IF($B$3="上半場",INDEX($Y:$Y,MATCH($B16,$W:$W,0)),INDEX($Z:$Z,MATCH($B16,$W:$W,0))) -> 19 | D16: =IF($B$3="上半場",SUMIF(■我的KPI獎金!$B:$B,$B16,■我的KPI獎金!$F:$F),SUMIF(■我的KPI獎金!$B:$B,$B16,■我的KPI獎金!$I:$I)) -> 1 | E16: =IF(D16>=C16,0,-500) -> -500 | F16: =IF($B$3="上半場",INDEX($AA:$AA,MATCH($B16,$W:$W,0)),INDEX($AB:$AB,MATCH($B16,$W:$W,0))) -> 9 | G16: =IF($B$3="上半場",SUMIF(■我的KPI獎金!$B:$B,$B16,■我的KPI獎金!$L:$L),SUMIF(■我的KPI獎金!$B:$B,$B16,■我的KPI獎金!$O:$O)) -> 2 | H16: =IF(G16>=F16,0,-500) -> -500 | I16: =IF($B$3="上半場",INDEX($AC:$AC,MATCH($B16,$W:$W,0)),INDEX($AD:$AD,MATCH($B16,$W:$W,0))) -> 11289 | J16: =IF($B$3="上半場",SUMIF(■我的KPI獎金!$B:$B,$B16,■我的KPI獎金!$R:$R),SUMIF(■我的KPI獎金!$B:$B,$B16,■我的KPI獎金!$U:$U)) -> 4882 | K16: =IF(J16>=I16,0,-500) -> -500 | L16: =IF($B$3="上半場",INDEX($AE:$AE,MATCH($B16,$W:$W,0)),INDEX($AF:$AF,MATCH($B16,$W:$W,0))) -> 5 | M16: =IF($B$3="上半場",SUMIF(■我的KPI獎金!$B:$B,$B16,■我的KPI獎金!$X:$X),SUMIF(■我的KPI獎金!$B:$B,$B16,■我的KPI獎金!$AA:$AA)) -> 1 | N16: =IF(M16>=L16,0,-500) -> -500 | O16: 5 | P16: =SUMIF(■我的KPI獎金!$B:$B,$B16,■我的KPI獎金!$AD:$AD) -> 0 | Q16: =IF(P16>=O16,0,-500) -> -500 | R16: =COUNTIF(E16,">=0")+COUNTIF(H16,">=0")+COUNTIF(K16,">=0")+COUNTIF(N16,">=0")+COUNTIF(Q16,">=0") -> 0 | S16: =SUM(E16,H16,K16,N16,Q16) -> -2500 | T16: =IF(R16=7,"🏆 滿貫",IF(R16=6,"⚾⚾⚾⚾⚾⚾",IF(R16=5,"⚾⚾⚾⚾⚾",IF(R16=4,"⚾⚾⚾⚾",IF(R16=3,"⚾⚾⚾",IF(R16=2,"⚾⚾",IF(R16=1,"⚾","❌"))))))) -> ❌ | W16: 秦曼芯 | X16: 後昌店 | Y16: 15 | Z16: 19 | AA16: 7 | AB16: 9 | AC16: 9237 | AD16: 11289 | AE16: 5 | AF16: 5
A17: 仁雄店 | B17: 黃傑稜 | C17: =IF($B$3="上半場",INDEX($Y:$Y,MATCH($B17,$W:$W,0)),INDEX($Z:$Z,MATCH($B17,$W:$W,0))) -> 29 | D17: =IF($B$3="上半場",SUMIF(■我的KPI獎金!$B:$B,$B17,■我的KPI獎金!$F:$F),SUMIF(■我的KPI獎金!$B:$B,$B17,■我的KPI獎金!$I:$I)) -> 0 | E17: =IF(D17>=C17,0,-500) -> -500 | F17: =IF($B$3="上半場",INDEX($AA:$AA,MATCH($B17,$W:$W,0)),INDEX($AB:$AB,MATCH($B17,$W:$W,0))) -> 13 | G17: =IF($B$3="上半場",SUMIF(■我的KPI獎金!$B:$B,$B17,■我的KPI獎金!$L:$L),SUMIF(■我的KPI獎金!$B:$B,$B17,■我的KPI獎金!$O:$O)) -> 0 | H17: =IF(G17>=F17,0,-500) -> -500 | I17: =IF($B$3="上半場",INDEX($AC:$AC,MATCH($B17,$W:$W,0)),INDEX($AD:$AD,MATCH($B17,$W:$W,0))) -> 11289 | J17: =IF($B$3="上半場",SUMIF(■我的KPI獎金!$B:$B,$B17,■我的KPI獎金!$R:$R),SUMIF(■我的KPI獎金!$B:$B,$B17,■我的KPI獎金!$U:$U)) -> 10107.8 | K17: =IF(J17>=I17,0,-500) -> -500 | L17: =IF($B$3="上半場",INDEX($AE:$AE,MATCH($B17,$W:$W,0)),INDEX($AF:$AF,MATCH($B17,$W:$W,0))) -> 7 | M17: =IF($B$3="上半場",SUMIF(■我的KPI獎金!$B:$B,$B17,■我的KPI獎金!$X:$X),SUMIF(■我的KPI獎金!$B:$B,$B17,■我的KPI獎金!$AA:$AA)) -> 0 | N17: =IF(M17>=L17,0,-500) -> -500 | O17: 5 | P17: =SUMIF(■我的KPI獎金!$B:$B,$B17,■我的KPI獎金!$AD:$AD) -> 0 | Q17: =IF(P17>=O17,0,-500) -> -500 | R17: =COUNTIF(E17,">=0")+COUNTIF(H17,">=0")+COUNTIF(K17,">=0")+COUNTIF(N17,">=0")+COUNTIF(Q17,">=0") -> 0 | S17: =SUM(E17,H17,K17,N17,Q17) -> -2500 | T17: =IF(R17=7,"🏆 滿貫",IF(R17=6,"⚾⚾⚾⚾⚾⚾",IF(R17=5,"⚾⚾⚾⚾⚾",IF(R17=4,"⚾⚾⚾⚾",IF(R17=3,"⚾⚾⚾",IF(R17=2,"⚾⚾",IF(R17=1,"⚾","❌"))))))) -> ❌ | W17: 黃傑稜 | X17: 仁雄店 | Y17: 24 | Z17: 29 | AA17: 11 | AB17: 13 | AC17: 9237 | AD17: 11289 | AE17: 6 | AF17: 7
... A24: 凱旋店 | B24: 劉宗翰 | C24: =IF($B$3="上半場",INDEX($Y:$Y,MATCH($B24,$W:$W,0)),INDEX($Z:$Z,MATCH($B24,$W:$W,0))) -> 13 | D24: =IF($B$3="上半場",SUMIF(■我的KPI獎金!$B:$B,$B24,■我的KPI獎金!$F:$F),SUMIF(■我的KPI獎金!$B:$B,$B24,■我的KPI獎金!$I:$I)) -> 0 | E24: =IF(D24>=C24,0,-500) -> -500 | F24: =IF($B$3="上半場",INDEX($AA:$AA,MATCH($B24,$W:$W,0)),INDEX($AB:$AB,MATCH($B24,$W:$W,0))) -> 6 | G24: =IF($B$3="上半場",SUMIF(■我的KPI獎金!$B:$B,$B24,■我的KPI獎金!$L:$L),SUMIF(■我的KPI獎金!$B:$B,$B24,■我的KPI獎金!$O:$O)) -> 0 | H24: =IF(G24>=F24,0,-500) -> -500 | I24: =IF($B$3="上半場",INDEX($AC:$AC,MATCH($B24,$W:$W,0)),INDEX($AD:$AD,MATCH($B24,$W:$W,0))) -> 5653 | J24: =IF($B$3="上半場",SUMIF(■我的KPI獎金!$B:$B,$B24,■我的KPI獎金!$R:$R),SUMIF(■我的KPI獎金!$B:$B,$B24,■我的KPI獎金!$U:$U)) -> 4744 | K24: =IF(J24>=I24,0,-500) -> -500 | L24: =IF($B$3="上半場",INDEX($AE:$AE,MATCH($B24,$W:$W,0)),INDEX($AF:$AF,MATCH($B24,$W:$W,0))) -> 4 | M24: =IF($B$3="上半場",SUMIF(■我的KPI獎金!$B:$B,$B24,■我的KPI獎金!$X:$X),SUMIF(■我的KPI獎金!$B:$B,$B24,■我的KPI獎金!$AA:$AA)) -> 0 | N24: =IF(M24>=L24,0,-500) -> -500 | O24: 5 | P24: =SUMIF(■我的KPI獎金!$B:$B,$B24,■我的KPI獎金!$AD:$AD) -> 0 | Q24: =IF(P24>=O24,0,-500) -> -500 | R24: =COUNTIF(E24,">=0")+COUNTIF(H24,">=0")+COUNTIF(K24,">=0")+COUNTIF(N24,">=0")+COUNTIF(Q24,">=0") -> 0 | S24: =SUM(E24,H24,K24,N24,Q24) -> -2500 | T24: =IF(R24=7,"🏆 滿貫",IF(R24=6,"⚾⚾⚾⚾⚾⚾",IF(R24=5,"⚾⚾⚾⚾⚾",IF(R24=4,"⚾⚾⚾⚾",IF(R24=3,"⚾⚾⚾",IF(R24=2,"⚾⚾",IF(R24=1,"⚾","❌"))))))) -> ❌ | W24: 劉宗翰 | X24: 凱旋店 | Y24: 11 | Z24: 13 | AA24: 5 | AB24: 6 | AC24: 4625 | AD24: 5653 | AE24: 3 | AF24: 4
A26: 📊 團隊累積安打數 朝向全壘打得分 ! | R26: =SUM(R6:R25) -> 3 | S26: =SUM(S6:S25) -> -46000

Sheet ■我的基礎獎金
A1: 倚盟 9月 基礎獎金計算表
A3: 【獎金單價表】
A4: 項目 | B4: AQ點數 | C4: AQ999+ | D4: RT升轉 | E4: RT1399+ | F4: 特維 | G4: 寬頻 | H4: OP
A5: 單價 | B5: $100/點 | C5: $300/件 | D5: $100/件 | E5: $100/件 | F5: $100/件 | G5: $500/點 | H5: $500/件
H6: 限5件
A8: 【上半場基礎獎金】AQ或RT未達60%→歸零（全員適用）
A9: 姓名 | B9: AQ達成率 | C9: RT達成率 | D9: AQ點數 | E9: AQ999 | F9: RT升轉 | G9: RT1399 | H9: 特維 | I9: 寬頻 | J9: OP | K9: 上半場小計
A10: 劉家妘 | B10: =SUMIF(■我的AQ獎金!$B$3:$B$22,$A10,■我的AQ獎金!$H$3:$H$22) -> 1.2368421 | C10: =SUMIF(■我的RT獎金!$B$3:$B$22,$A10,■我的RT獎金!$H$3:$H$22) -> 0.76 | D10: =SUMIF(數據!$A:$A,$A10,數據!$C:$C)*100 -> 2350 | E10: =SUMIF(數據!$A:$A,$A10,數據!$G:$G)*300 -> 900 | F10: =SUMIF(數據!$A:$A,$A10,數據!$L:$L)*100 -> 500 | G10: =SUMIF(數據!$A:$A,$A10,數據!$R:$R)*100 -> 400 | H10: =SUMIF(數據!$A:$A,$A10,數據!$N:$N)*100 -> 900 | I10: =SUMIF(數據!$A:$A,$A10,數據!$Z:$Z)*500 -> 0 | J10: =SUMIF(數據!$A:$A,$A10,數據!$AH:$AH)*500 -> 0 | K10: =SUM(D10:J10) -> 5050
A11: 陳亭安 | B11: =SUMIF(■我的AQ獎金!$B$3:$B$22,$A11,■我的AQ獎金!$H$3:$H$22) -> 1.2368421 | C11: =SUMIF(■我的RT獎金!$B$3:$B$22,$A11,■我的RT獎金!$H$3:$H$22) -> 1.1304348 | D11: =SUMIF(數據!$A:$A,$A11,數據!$C:$C)*100 -> 2350 | E11: =SUMIF(數據!$A:$A,$A11,數據!$G:$G)*300 -> 600 | F11: =SUMIF(數據!$A:$A,$A11,數據!$L:$L)*100 -> 1000 | G11: =SUMIF(數據!$A:$A,$A11,數據!$R:$R)*100 -> 1000 | H11: =SUMIF(數據!$A:$A,$A11,數據!$N:$N)*100 -> 700 | I11: =SUMIF(數據!$A:$A,$A11,數據!$Z:$Z)*500 -> 0 | J11: =SUMIF(數據!$A:$A,$A11,數據!$AH:$AH)*500 -> 0 | K11: =SUM(D11:J11) -> 5650
A12: 高琦茗 | B12: =SUMIF(■我的AQ獎金!$B$3:$B$22,$A12,■我的AQ獎金!$H$3:$H$22) -> 0.78947368 | C12: =SUMIF(■我的RT獎金!$B$3:$B$22,$A12,■我的RT獎金!$H$3:$H$22) -> 0.63636364 | D12: =SUMIF(數據!$A:$A,$A12,數據!$C:$C)*100 -> 1500 | E12: =SUMIF(數據!$A:$A,$A12,數據!$G:$G)*300 -> 600 | F12: =SUMIF(數據!$A:$A,$A12,數據!$L:$L)*100 -> 900 | G12: =SUMIF(數據!$A:$A,$A12,數據!$R:$R)*100 -> 400 | H12: =SUMIF(數據!$A:$A,$A12,數據!$N:$N)*100 -> 700 | I12: =SUMIF(數據!$A:$A,$A12,數據!$Z:$Z)*500 -> 1000 | J12: =SUMIF(數據!$A:$A,$A12,數據!$AH:$AH)*500 -> 0 | K12: =SUM(D12:J12) -> 5100
A13: 彥州 | B13: =SUMIF(■我的AQ獎金!$B$3:$B$22,$A13,■我的AQ獎金!$H$3:$H$22) -> 1.2105263 | C13: =SUMIF(■我的RT獎金!$B$3:$B$22,$A13,■我的RT獎金!$H$3:$H$22) -> 0.78947368 | D13: =SUMIF(數據!$A:$A,$A13,數據!$C:$C)*100 -> 2300 | E13: =SUMIF(數據!$A:$A,$A13,數據!$G:$G)*300 -> 900 | F13: =SUMIF(數據!$A:$A,$A13,數據!$L:$L)*100 -> 500 | G13: =SUMIF(數據!$A:$A,$A13,數據!$R:$R)*100 -> 300 | H13: =SUMIF(數據!$A:$A,$A13,數據!$N:$N)*100 -> 800 | I13: =SUMIF(數據!$A:$A,$A13,數據!$Z:$Z)*500 -> 0 | J13: =SUMIF(數據!$A:$A,$A13,數據!$AH:$AH)*500 -> 500 | K13: =SUM(D13:J13) -> 5300
A14: 劉芳廷 | B14: =SUMIF(■我的AQ獎金!$B$3:$B$22,$A14,■我的AQ獎金!$H$3:$H$22) -> 0.71052632 | C14: =SUMIF(■我的RT獎金!$B$3:$B$22,$A14,■我的RT獎金!$H$3:$H$22) -> 0.5 | D14: =SUMIF(數據!$A:$A,$A14,數據!$C:$C)*100 -> 1350 | E14: =SUMIF(數據!$A:$A,$A14,數據!$G:$G)*300 -> 300 | F14: =SUMIF(數據!$A:$A,$A14,數據!$L:$L)*100 -> 400 | G14: =SUMIF(數據!$A:$A,$A14,數據!$R:$R)*100 -> 600 | H14: =SUMIF(數據!$A:$A,$A14,數據!$N:$N)*100 -> 200 | I14: =SUMIF(數據!$A:$A,$A14,數據!$Z:$Z)*500 -> 0 | J14: =SUMIF(數據!$A:$A,$A14,數據!$AH:$AH)*500 -> 0 | K14: =SUM(D14:J14) -> 2850
A15: 邱雨蔚 | B15: =SUMIF(■我的AQ獎金!$B$3:$B$22,$A15,■我的AQ獎金!$H$3:$H$22) -> 1.8684211 | C15: =SUMIF(■我的RT獎金!$B$3:$B$22,$A15,■我的RT獎金!$H$3:$H$22) -> 0.875 | D15: =SUMIF(數據!$A:$A,$A15,數據!$C:$C)*100 -> 3550 | E15: =SUMIF(數據!$A:$A,$A15,數據!$G:$G)*300 -> 1200 | F15: =SUMIF(數據!$A:$A,$A15,數據!$L:$L)*100 -> 1300 | G15: =SUMIF(數據!$A:$A,$A15,數據!$R:$R)*100 -> 600 | H15: =SUMIF(數據!$A:$A,$A15,數據!$N:$N)*100 -> 400 | I15: =SUMIF(數據!$A:$A,$A15,數據!$Z:$Z)*500 -> 500 | J15: =SUMIF(數據!$A:$A,$A15,數據!$AH:$AH)*500 -> 0 | K15: =SUM(D15:J15) -> 7550
A16: 林庭逸 | B16: =SUMIF(■我的AQ獎金!$B$3:$B$22,$A16,■我的AQ獎金!$H$3:$H$22) -> 0.63157895 | C16: =SUMIF(■我的RT獎金!$B$3:$B$22,$A16,■我的RT獎金!$H$3:$H$22) -> 0.6 | D16: =SUMIF(數據!$A:$A,$A16,數據!$C:$C)*100 -> 1200 | E16: =SUMIF(數據!$A:$A,$A16,數據!$G:$G)*300 -> 300 | F16: =SUMIF(數據!$A:$A,$A16,數據!$L:$L)*100 -> 700 | G16: =SUMIF(數據!$A:$A,$A16,數據!$R:$R)*100 -> 300 | H16: =SUMIF(數據!$A:$A,$A16,數據!$N:$N)*100 -> 400 | I16: =SUMIF(數據!$A:$A,$A16,數據!$Z:$Z)*500 -> 750 | J16: =SUMIF(數據!$A:$A,$A16,數據!$AH:$AH)*500 -> 0 | K16: =SUM(D16:J16) -> 3650
A17: 郭家維 | B17: =SUMIF(■我的AQ獎金!$B$3:$B$22,$A17,■我的AQ獎金!$H$3:$H$22) -> 0.81578947 | C17: =SUMIF(■我的RT獎金!$B$3:$B$22,$A17,■我的RT獎金!$H$3:$H$22) -> 1.047619 | D17: =SUMIF(數據!$A:$A,$A17,數據!$C:$C)*100 -> 1550 | E17: =SUMIF(數據!$A:$A,$A17,數據!$G:$G)*300 -> 300 | F17: =SUMIF(數據!$A:$A,$A17,數據!$L:$L)*100 -> 1100 | G17: =SUMIF(數據!$A:$A,$A17,數據!$R:$R)*100 -> 700 | H17: =SUMIF(數據!$A:$A,$A17,數據!$N:$N)*100 -> 1000 | I17: =SUMIF(數據!$A:$A,$A17,數據!$Z:$Z)*500 -> 1375 | J17: =SUMIF(數據!$A:$A,$A17,數據!$AH:$AH)*500 -> 0 | K17: =SUM(D17:J17) -> 6025
A18: 黃閔聖 | B18: =SUMIF(■我的AQ獎金!$B$3:$B$22,$A18,■我的AQ獎金!$H$3:$H$22) -> 0.63157895 | C18: =SUMIF(■我的RT獎金!$B$3:$B$22,$A18,■我的RT獎金!$H$3:$H$22) -> 1 | D18: =SUMIF(數據!$A:$A,$A18,數據!$C:$C)*100 -> 1200 | E18: =SUMIF(數據!$A:$A,$A18,數據!$G:$G)*300 -> 0 | F18: =SUMIF(數據!$A:$A,$A18,數據!$L:$L)*100 -> 1000 | G18: =SUMIF(數據!$A:$A,$A18,數據!$R:$R)*100 -> 600 | H18: =SUMIF(數據!$A:$A,$A18,數據!$N:$N)*100 -> 1000 | I18: =SUMIF(數據!$A:$A,$A18,數據!$Z:$Z)*500 -> 0 | J18: =SUMIF(數據!$A:$A,$A18,數據!$AH:$AH)*500 -> 0 | K18: =SUM(D18:J18) -> 3800
A19: 秦曼芯 | B19: =SUMIF(■我的AQ獎金!$B$3:$B$22,$A19,■我的AQ獎金!$H$3:$H$22) -> 0.78947368 | C19: =SUMIF(■我的RT獎金!$B$3:$B$22,$A19,■我的RT獎金!$H$3:$H$22) -> 0.68421053 | D19: =SUMIF(數據!$A:$A,$A19,數據!$C:$C)*100 -> 1500 | E19: =SUMIF(數據!$A:$A,$A19,數據!$G:$G)*300 -> 300 | F19: =SUMIF(數據!$A:$A,$A19,數據!$L:$L)*100 -> 500 | G19: =SUMIF(數據!$A:$A,$A19,數據!$R:$R)*100 -> 300 | H19: =SUMIF(數據!$A:$A,$A19,數據!$N:$N)*100 -> 500 | I19: =SUMIF(數據!$A:$A,$A19,數據!$Z:$Z)*500 -> 0 | J19: =SUMIF(數據!$A:$A,$A19,數據!$AH:$AH)*500 -> 0 | K19: =SUM(D19:J19) -> 3100
A20: 黃傑稜 | B20: =SUMIF(■我的AQ獎金!$B$3:$B$22,$A20,■我的AQ獎金!$H$3:$H$22) -> 1.8684211 | C20: =SUMIF(■我的RT獎金!$B$3:$B$22,$A20,■我的RT獎金!$H$3:$H$22) -> 1.0689655 | D20: =SUMIF(數據!$A:$A,$A20,數據!$C:$C)*100 -> 3550 | E20: =SUMIF(數據!$A:$A,$A20,數據!$G:$G)*300 -> 900 | F20: =SUMIF(數據!$A:$A,$A20,數據!$L:$L)*100 -> 2000 | G20: =SUMIF(數據!$A:$A,$A20,數據!$R:$R)*100 -> 1400 | H20: =SUMIF(數據!$A:$A,$A20,數據!$N:$N)*100 -> 800 | I20: =SUMIF(數據!$A:$A,$A20,數據!$Z:$Z)*500 -> 625 | J20: =SUMIF(數據!$A:$A,$A20,數據!$AH:$AH)*500 -> 0 | K20: =SUM(D20:J20) -> 9275
A21: 郭紳鴻 | B21: =SUMIF(■我的AQ獎金!$B$3:$B$22,$A21,■我的AQ獎金!$H$3:$H$22) -> 0.60526316 | C21: =SUMIF(■我的RT獎金!$B$3:$B$22,$A21,■我的RT獎金!$H$3:$H$22) -> 0.87096774 | D21: =SUMIF(數據!$A:$A,$A21,數據!$C:$C)*100 -> 1150 | E21: =SUMIF(數據!$A:$A,$A21,數據!$G:$G)*300 -> 300 | F21: =SUMIF(數據!$A:$A,$A21,數據!$L:$L)*100 -> 1300 | G21: =SUMIF(數據!$A:$A,$A21,數據!$R:$R)*100 -> 700 | H21: =SUMIF(數據!$A:$A,$A21,數據!$N:$N)*100 -> 600 | I21: =SUMIF(數據!$A:$A,$A21,數據!$Z:$Z)*500 -> 1250 | J21: =SUMIF(數據!$A:$A,$A21,數據!$AH:$AH)*500 -> 0 | K21: =SUM(D21:J21) -> 5300
... A29: 黃庭鈞 | B29: =SUMIF(■我的AQ獎金!$B$3:$B$22,$A29,■我的AQ獎金!$H$3:$H$22) -> 0.86842105 | C29: =SUMIF(■我的RT獎金!$B$3:$B$22,$A29,■我的RT獎金!$H$3:$H$22) -> 1.5263158 | D29: =SUMIF(數據!$A:$A,$A29,數據!$C:$C)*100 -> 1650 | E29: =SUMIF(數據!$A:$A,$A29,數據!$G:$G)*300 -> 300 | F29: =SUMIF(數據!$A:$A,$A29,數據!$L:$L)*100 -> 1100 | G29: =SUMIF(數據!$A:$A,$A29,數據!$R:$R)*100 -> 600 | H29: =SUMIF(數據!$A:$A,$A29,數據!$N:$N)*100 -> 1300 | I29: =SUMIF(數據!$A:$A,$A29,數據!$Z:$Z)*500 -> 2125 | J29: =SUMIF(數據!$A:$A,$A29,數據!$AH:$AH)*500 -> 500 | K29: =SUM(D29:J29) -> 7575
A30: 合計 | D30: =SUM(D10:D29) -> 33700 | E30: =SUM(E10:E29) -> 9000 | F30: =SUM(F10:F29) -> 18500 | G30: =SUM(G10:G29) -> 11400 | H30: =SUM(H10:H29) -> 13000 | I30: =SUM(I10:I29) -> 12250 | J30: =SUM(J10:J29) -> 1000 | K30: =SUM(K10:K29) -> 98850
A32: 【下半場基礎獎金】AQ或RT未達60%→歸零/ AQ999下半場不加碼
A33: 姓名 | B33: AQ達成率 | C33: RT達成率 | D33: AQ點數 | E33: AQ999 | F33: RT升轉 | G33: RT1399 | H33: 特維 | I33: 寬頻 | J33: OP | K33: 下半場小計
A34: 劉家妘 | B34: =SUMIF(■我的AQ獎金!$B$3:$B$22,$A34,■我的AQ獎金!$K$3:$K$22) -> 0.10526316 | C34: =SUMIF(■我的RT獎金!$B$3:$B$22,$A34,■我的RT獎金!$K$3:$K$22) -> 0.096774194 | D34: =SUMIF(數據!$A:$A,$A34,數據!$D:$D)*100 -> 200 | E34: 0 | F34: =SUMIF(數據!$A:$A,$A34,數據!$M:$M)*100 -> 0 | G34: =SUMIF(數據!$A:$A,$A34,數據!$S:$S)*100 -> 300 | H34: =SUMIF(數據!$A:$A,$A34,數據!$O:$O)*100 -> 100 | I34: =SUMIF(數據!$A:$A,$A34,數據!$AA:$AA)*500 -> 0 | J34: 0 | K34: =SUM(D34:J34) -> 600
A35: 陳亭安 | B35: =SUMIF(■我的AQ獎金!$B$3:$B$22,$A35,■我的AQ獎金!$K$3:$K$22) -> 0 | C35: =SUMIF(■我的RT獎金!$B$3:$B$22,$A35,■我的RT獎金!$K$3:$K$22) -> 0.068965517 | D35: =SUMIF(數據!$A:$A,$A35,數據!$D:$D)*100 -> 0 | E35: 0 | F35: =SUMIF(數據!$A:$A,$A35,數據!$M:$M)*100 -> 100 | G35: =SUMIF(數據!$A:$A,$A35,數據!$S:$S)*100 -> 100 | H35: =SUMIF(數據!$A:$A,$A35,數據!$O:$O)*100 -> 0 | I35: =SUMIF(數據!$A:$A,$A35,數據!$AA:$AA)*500 -> 0 | J35: 0 | K35: =SUM(D35:J35) -> 200
A36: 高琦茗 | B36: =SUMIF(■我的AQ獎金!$B$3:$B$22,$A36,■我的AQ獎金!$K$3:$K$22) -> 0 | C36: =SUMIF(■我的RT獎金!$B$3:$B$22,$A36,■我的RT獎金!$K$3:$K$22) -> 0.074074074 | D36: =SUMIF(數據!$A:$A,$A36,數據!$D:$D)*100 -> 0 | E36: 0 | F36: =SUMIF(數據!$A:$A,$A36,數據!$M:$M)*100 -> 0 | G36: =SUMIF(數據!$A:$A,$A36,數據!$S:$S)*100 -> 0 | H36: =SUMIF(數據!$A:$A,$A36,數據!$O:$O)*100 -> 0 | I36: =SUMIF(數據!$A:$A,$A36,數據!$AA:$AA)*500 -> 0 | J36: 0 | K36: =SUM(D36:J36) -> 0
A37: 彥州 | B37: =SUMIF(■我的AQ獎金!$B$3:$B$22,$A37,■我的AQ獎金!$K$3:$K$22) -> 0.60526316 | C37: =SUMIF(■我的RT獎金!$B$3:$B$22,$A37,■我的RT獎金!$K$3:$K$22) -> 0.041666667 | D37: =SUMIF(數據!$A:$A,$A37,數據!$D:$D)*100 -> 1150 | E37: 0 | F37: =SUMIF(數據!$A:$A,$A37,數據!$M:$M)*100 -> 0 | G37: =SUMIF(數據!$A:$A,$A37,數據!$S:$S)*100 -> 0 | H37: =SUMIF(數據!$A:$A,$A37,數據!$O:$O)*100 -> 100 | I37: =SUMIF(數據!$A:$A,$A37,數據!$AA:$AA)*500 -> 0 | J37: 0 | K37: =SUM(D37:J37) -> 1250
A38: 劉芳廷 | B38: =SUMIF(■我的AQ獎金!$B$3:$B$22,$A38,■我的AQ獎金!$K$3:$K$22) -> 0 | C38: =SUMIF(■我的RT獎金!$B$3:$B$22,$A38,■我的RT獎金!$K$3:$K$22) -> 0.068965517 | D38: =SUMIF(數據!$A:$A,$A38,數據!$D:$D)*100 -> 0 | E38: 0 | F38: =SUMIF(數據!$A:$A,$A38,數據!$M:$M)*100 -> 0 | G38: =SUMIF(數據!$A:$A,$A38,數據!$S:$S)*100 -> 0 | H38: =SUMIF(數據!$A:$A,$A38,數據!$O:$O)*100 -> 0 | I38: =SUMIF(數據!$A:$A,$A38,數據!$AA:$AA)*500 -> 0 | J38: 0 | K38: =SUM(D38:J38) -> 0
A39: 邱雨蔚 | B39: =SUMIF(■我的AQ獎金!$B$3:$B$22,$A39,■我的AQ獎金!$K$3:$K$22) -> 0.60526316 | C39: =SUMIF(■我的RT獎金!$B$3:$B$22,$A39,■我的RT獎金!$K$3:$K$22) -> 0.10344828 | D39: =SUMIF(數據!$A:$A,$A39,數據!$D:$D)*100 -> 1150 | E39: 0 | F39: =SUMIF(數據!$A:$A,$A39,數據!$M:$M)*100 -> 0 | G39: =SUMIF(數據!$A:$A,$A39,數據!$S:$S)*100 -> 200 | H39: =SUMIF(數據!$A:$A,$A39,數據!$O:$O)*100 -> 100 | I39: =SUMIF(數據!$A:$A,$A39,數據!$AA:$AA)*500 -> 0 | J39: 0 | K39: =SUM(D39:J39) -> 1450
A40: 林庭逸 | B40: =SUMIF(■我的AQ獎金!$B$3:$B$22,$A40,■我的AQ獎金!$K$3:$K$22) -> 0 | C40: =SUMIF(■我的RT獎金!$B$3:$B$22,$A40,■我的RT獎金!$K$3:$K$22) -> 0.125 | D40: =SUMIF(數據!$A:$A,$A40,數據!$D:$D)*100 -> 0 | E40: 0 | F40: =SUMIF(數據!$A:$A,$A40,數據!$M:$M)*100 -> 100 | G40: =SUMIF(數據!$A:$A,$A40,數據!$S:$S)*100 -> 0 | H40: =SUMIF(數據!$A:$A,$A40,數據!$O:$O)*100 -> 100 | I40: =SUMIF(數據!$A:$A,$A40,數據!$AA:$AA)*500 -> 0 | J40: 0 | K40: =SUM(D40:J40) -> 200
A41: 郭家維 | B41: =SUMIF(■我的AQ獎金!$B$3:$B$22,$A41,■我的AQ獎金!$K$3:$K$22) -> 0 | C41: =SUMIF(■我的RT獎金!$B$3:$B$22,$A41,■我的RT獎金!$K$3:$K$22) -> 0.076923077 | D41: =SUMIF(數據!$A:$A,$A41,數據!$D:$D)*100 -> 0 | E41: 0 | F41: =SUMIF(數據!$A:$A,$A41,數據!$M:$M)*100 -> 200 | G41: =SUMIF(數據!$A:$A,$A41,數據!$S:$S)*100 -> 100 | H41: =SUMIF(數據!$A:$A,$A41,數據!$O:$O)*100 -> 0 | I41: =SUMIF(數據!$A:$A,$A41,數據!$AA:$AA)*500 -> 0 | J41: 0 | K41: =SUM(D41:J41) -> 300
A42: 黃閔聖 | B42: =SUMIF(■我的AQ獎金!$B$3:$B$22,$A42,■我的AQ獎金!$K$3:$K$22) -> 0 | C42: =SUMIF(■我的RT獎金!$B$3:$B$22,$A42,■我的RT獎金!$K$3:$K$22) -> 0 | D42: =SUMIF(數據!$A:$A,$A42,數據!$D:$D)*100 -> 0 | E42: 0 | F42: =SUMIF(數據!$A:$A,$A42,數據!$M:$M)*100 -> 0 | G42: =SUMIF(數據!$A:$A,$A42,數據!$S:$S)*100 -> 0 | H42: =SUMIF(數據!$A:$A,$A42,數據!$O:$O)*100 -> 0 | I42: =SUMIF(數據!$A:$A,$A42,數據!$AA:$AA)*500 -> 750 | J42: 0 | K42: =SUM(D42:J42) -> 750
A43: 秦曼芯 | B43: =SUMIF(■我的AQ獎金!$B$3:$B$22,$A43,■我的AQ獎金!$K$3:$K$22) -> 0 | C43: =SUMIF(■我的RT獎金!$B$3:$B$22,$A43,■我的RT獎金!$K$3:$K$22) -> 0.13043478 | D43: =SUMIF(數據!$A:$A,$A43,數據!$D:$D)*100 -> 0 | E43: 0 | F43: =SUMIF(數據!$A:$A,$A43,數據!$M:$M)*100 -> 0 | G43: =SUMIF(數據!$A:$A,$A43,數據!$S:$S)*100 -> 100 | H43: =SUMIF(數據!$A:$A,$A43,數據!$O:$O)*100 -> 100 | I43: =SUMIF(數據!$A:$A,$A43,數據!$AA:$AA)*500 -> 0 | J43: 0 | K43: =SUM(D43:J43) -> 200
A44: 黃傑稜 | B44: =SUMIF(■我的AQ獎金!$B$3:$B$22,$A44,■我的AQ獎金!$K$3:$K$22) -> 0 | C44: =SUMIF(■我的RT獎金!$B$3:$B$22,$A44,■我的RT獎金!$K$3:$K$22) -> 0 | D44: =SUMIF(數據!$A:$A,$A44,數據!$D:$D)*100 -> 0 | E44: 0 | F44: =SUMIF(數據!$A:$A,$A44,數據!$M:$M)*100 -> 0 | G44: =SUMIF(數據!$A:$A,$A44,數據!$S:$S)*100 -> 0 | H44: =SUMIF(數據!$A:$A,$A44,數據!$O:$O)*100 -> 0 | I44: =SUMIF(數據!$A:$A,$A44,數據!$AA:$AA)*500 -> 0 | J44: 0 | K44: =SUM(D44:J44) -> 0
A45: 郭紳鴻 | B45: =SUMIF(■我的AQ獎金!$B$3:$B$22,$A45,■我的AQ獎金!$K$3:$K$22) -> 0 | C45: =SUMIF(■我的RT獎金!$B$3:$B$22,$A45,■我的RT獎金!$K$3:$K$22) -> 0.026315789 | D45: =SUMIF(數據!$A:$A,$A45,數據!$D:$D)*100 -> 0 | E45: 0 | F45: =SUMIF(數據!$A:$A,$A45,數據!$M:$M)*100 -> 0 | G45: =SUMIF(數據!$A:$A,$A45,數據!$S:$S)*100 -> 0 | H45: =SUMIF(數據!$A:$A,$A45,數據!$O:$O)*100 -> 100 | I45: =SUMIF(數據!$A:$A,$A45,數據!$AA:$AA)*500 -> 0 | J45: 0 | K45: =SUM(D45:J45) -> 100
... A53: 黃庭鈞 | B53: =SUMIF(■我的AQ獎金!$B$3:$B$22,$A53,■我的AQ獎金!$K$3:$K$22) -> 0 | C53: =SUMIF(■我的RT獎金!$B$3:$B$22,$A53,■我的RT獎金!$K$3:$K$22) -> 0.17391304 | D53: =SUMIF(數據!$A:$A,$A53,數據!$D:$D)*100 -> 0 | E53: 0 | F53: =SUMIF(數據!$A:$A,$A53,數據!$M:$M)*100 -> 100 | G53: =SUMIF(數據!$A:$A,$A53,數據!$S:$S)*100 -> 200 | H53: =SUMIF(數據!$A:$A,$A53,數據!$O:$O)*100 -> 100 | I53: =SUMIF(數據!$A:$A,$A53,數據!$AA:$AA)*500 -> 0 | J53: 0 | K53: =SUM(D53:J53) -> 400
A54: 合計 | D54: =SUM(D34:D53) -> 3400 | E54: =SUM(E34:E53) -> 0 | F54: =SUM(F34:F53) -> 700 | G54: =SUM(G34:G53) -> 1100 | H54: =SUM(H34:H53) -> 900 | I54: =SUM(I34:I53) -> 1125 | J54: =SUM(J34:J53) -> 0 | K54: =SUM(K34:K53) -> 7225
A56: 【基礎獎金合計】
A57: 姓名 | B57: AQ點數 | C57: AQ999 | D57: RT升轉 | E57: RT1399 | F57: 特維 | G57: 寬頻 | H57: OP | I57: 基礎獎金
A58: 劉家妘 | B58: =D10+D34 -> 2550 | C58: =E10+E34 -> 900 | D58: =F10+F34 -> 500 | E58: =G10+G34 -> 700 | F58: =H10+H34 -> 1000 | G58: =I10+I34 -> 0 | H58: =J10+J34 -> 0 | I58: =SUM(B58:H58) -> 5650
A59: 陳亭安 | B59: =D11+D35 -> 2350 | C59: =E11+E35 -> 600 | D59: =F11+F35 -> 1100 | E59: =G11+G35 -> 1100 | F59: =H11+H35 -> 700 | G59: =I11+I35 -> 0 | H59: =J11+J35 -> 0 | I59: =SUM(B59:H59) -> 5850
A60: 高琦茗 | B60: =D12+D36 -> 1500 | C60: =E12+E36 -> 600 | D60: =F12+F36 -> 900 | E60: =G12+G36 -> 400 | F60: =H12+H36 -> 700 | G60: =I12+I36 -> 1000 | H60: =J12+J36 -> 0 | I60: =SUM(B60:H60) -> 5100
A61: 彥州 | B61: =D13+D37 -> 3450 | C61: =E13+E37 -> 900 | D61: =F13+F37 -> 500 | E61: =G13+G37 -> 300 | F61: =H13+H37 -> 900 | G61: =I13+I37 -> 0 | H61: =J13+J37 -> 500 | I61: =SUM(B61:H61) -> 6550
A62: 劉芳廷 | B62: =D14+D38 -> 1350 | C62: =E14+E38 -> 300 | D62: =F14+F38 -> 400 | E62: =G14+G38 -> 600 | F62: =H14+H38 -> 200 | G62: =I14+I38 -> 0 | H62: =J14+J38 -> 0 | I62: =SUM(B62:H62) -> 2850
A63: 邱雨蔚 | B63: =D15+D39 -> 4700 | C63: =E15+E39 -> 1200 | D63: =F15+F39 -> 1300 | E63: =G15+G39 -> 800 | F63: =H15+H39 -> 500 | G63: =I15+I39 -> 500 | H63: =J15+J39 -> 0 | I63: =SUM(B63:H63) -> 9000
A64: 林庭逸 | B64: =D16+D40 -> 1200 | C64: =E16+E40 -> 300 | D64: =F16+F40 -> 800 | E64: =G16+G40 -> 300 | F64: =H16+H40 -> 500 | G64: =I16+I40 -> 750 | H64: =J16+J40 -> 0 | I64: =SUM(B64:H64) -> 3850
A65: 郭家維 | B65: =D17+D41 -> 1550 | C65: =E17+E41 -> 300 | D65: =F17+F41 -> 1300 | E65: =G17+G41 -> 800 | F65: =H17+H41 -> 1000 | G65: =I17+I41 -> 1375 | H65: =J17+J41 -> 0 | I65: =SUM(B65:H65) -> 6325
A66: 黃閔聖 | B66: =D18+D42 -> 1200 | C66: =E18+E42 -> 0 | D66: =F18+F42 -> 1000 | E66: =G18+G42 -> 600 | F66: =H18+H42 -> 1000 | G66: =I18+I42 -> 750 | H66: =J18+J42 -> 0 | I66: =SUM(B66:H66) -> 4550
A67: 秦曼芯 | B67: =D19+D43 -> 1500 | C67: =E19+E43 -> 300 | D67: =F19+F43 -> 500 | E67: =G19+G43 -> 400 | F67: =H19+H43 -> 600 | G67: =I19+I43 -> 0 | H67: =J19+J43 -> 0 | I67: =SUM(B67:H67) -> 3300
A68: 黃傑稜 | B68: =D20+D44 -> 3550 | C68: =E20+E44 -> 900 | D68: =F20+F44 -> 2000 | E68: =G20+G44 -> 1400 | F68: =H20+H44 -> 800 | G68: =I20+I44 -> 625 | H68: =J20+J44 -> 0 | I68: =SUM(B68:H68) -> 9275
A69: 郭紳鴻 | B69: =D21+D45 -> 1150 | C69: =E21+E45 -> 300 | D69: =F21+F45 -> 1300 | E69: =G21+G45 -> 700 | F69: =H21+H45 -> 700 | G69: =I21+I45 -> 1250 | H69: =J21+J45 -> 0 | I69: =SUM(B69:H69) -> 5400
... A77: 黃庭鈞 | B77: =D29+D53 -> 1650 | C77: =E29+E53 -> 300 | D77: =F29+F53 -> 1200 | E77: =G29+G53 -> 800 | F77: =H29+H53 -> 1400 | G77: =I29+I53 -> 2125 | H77: =J29+J53 -> 500 | I77: =SUM(B77:H77) -> 7975
A78: 合計 | B78: =SUM(B58:B77) -> 37100 | C78: =SUM(C58:C77) -> 9000 | D78: =SUM(D58:D77) -> 19200 | E78: =SUM(E58:E77) -> 12500 | F78: =SUM(F58:F77) -> 13900 | G78: =SUM(G58:G77) -> 13375 | H78: =SUM(H58:H77) -> 1000 | I78: =SUM(I58:I77) -> 106075

Sheet ■我的KPI獎金
A1: RT獎金 | D1: 淨獎金 | E1: 上半場_手機案 未達-500 | H1: 下半場_手機案 未達-500 | K1: 上半場_保險 未達-500 | N1: 下半場_保險 未達-500 | Q1: 上半場_台哥大配件 未達-500 | T1: 下半場_台哥大配件 未達-500 | W1: 📶 上半場5G 未達-500 | Z1: 📶下半場 5G 未達-500 | AC1: 倚盟任務-舊機回收 未達-500
A2: 店點 | B2: 姓名 | C2: 職級 | E2: 目標 | F2: 實際 | G2: 獎扣 | H2: 目標 | I2: 實際 | J2: 獎扣 | K2: 目標 | L2: 實際 | M2: 獎扣 | N2: 目標 | O2: 實際 | P2: 獎扣 | Q2: 目標 | R2: 實際 | S2: 獎扣 | T2: 目標 | U2: 實際 | V2: 獎扣 | W2: 目標 | X2: 實際 | Y2: 獎扣 | Z2: 目標 | AA2: 實際 | AB2: 獎扣 | AC2: 目標 | AD2: 實際 | AE2: 獎扣
A3: 鼎山店 | B3: 劉家妘 | C3: 白金級 | D3: =G3+J3+M3+P3+S3+V3+Y3+AB3+AE3 -> -2500 | E3: =SUMIF('5. 安打紀錄表'!$W:$W,$B3,'5. 安打紀錄表'!$Y:$Y) -> 21 | F3: =SUMIF(數據!$A:$A,$B3,數據!$V:$V) -> 15 | G3: =IF(F3>=E3,0,"-500") -> -500 | H3: =SUMIF('5. 安打紀錄表'!$W:$W,$B3,'5. 安打紀錄表'!$Z:$Z) -> 25 | I3: =SUMIF(數據!$A:$A,$B3,數據!$W:W) -> 2 | J3: =IF(I3>=H3,0,"-500") -> -500 | K3: =SUMIF('5. 安打紀錄表'!$W:$W,$B3,'5. 安打紀錄表'!$AA:$AA) -> 9 | L3: =SUMIF(數據!$A:$A,$B3,數據!$X:$X) -> 9 | M3: =IF(L3>=K3,0,"-500") -> 0 | N3: =SUMIF('5. 安打紀錄表'!$W:$W,$B3,'5. 安打紀錄表'!$AB:$AB) -> 12 | O3: =SUMIF(數據!$A:$A,$B3,數據!$Y:$Y) -> 2 | P3: =IF(O3>=N3,0,"-500") -> -500 | Q3: =SUMIF('5. 安打紀錄表'!$W:$W,$B3,'5. 安打紀錄表'!$AC:$AC) -> 9237 | R3: =SUMIF(數據!$A:$A,$B3,數據!$AE:$AE) -> 9566.02 | S3: =IF(R3>=Q3,0,"-500") -> 0 | T3: =SUMIF('5. 安打紀錄表'!$W:$W,$B3,'5. 安打紀錄表'!$AD:$AD) -> 11289 | U3: =SUMIF(數據!$A:$A,$B3,數據!$AF:$AF) -> 11660.8 | V3: =IF(U3>=T3,0,"-500") -> 0 | W3: =SUMIF('5. 安打紀錄表'!$W:$W,$B3,'5. 安打紀錄表'!$AE:$AE) -> 5 | X3: =SUMIF(數據!$A:$A,$B3,數據!$T:$T) -> 9 | Y3: =IF(X3>=W3,0,"-500") -> 0 | Z3: =SUMIF('5. 安打紀錄表'!$W:$W,$B3,'5. 安打紀錄表'!$AF:$AF) -> 7 | AA3: =SUMIF(數據!$A:$A,$B3,數據!$U:$U) -> 1 | AB3: =IF(AA3>=Z3,0,"-500") -> -500 | AC3: 5 | AD3: 0 | AE3: =IF(AD3>=AC3,0,"-500") -> -500
A4: 鼎山店 | B4: 陳亭安 | C4: 銀級 | D4: =G4+J4+M4+P4+S4+V4+Y4+AB4+AE4 -> -2500 | E4: =SUMIF('5. 安打紀錄表'!$W:$W,$B4,'5. 安打紀錄表'!$Y:$Y) -> 19 | F4: =SUMIF(數據!$A:$A,$B4,數據!$V:$V) -> 23 | G4: =IF(F4>=E4,0,"-500") -> 0 | H4: =SUMIF('5. 安打紀錄表'!$W:$W,$B4,'5. 安打紀錄表'!$Z:$Z) -> 24 | I4: =SUMIF(數據!$A:$A,$B4,數據!$W:W) -> 1 | J4: =IF(I4>=H4,0,"-500") -> -500 | K4: =SUMIF('5. 安打紀錄表'!$W:$W,$B4,'5. 安打紀錄表'!$AA:$AA) -> 9 | L4: =SUMIF(數據!$A:$A,$B4,數據!$X:$X) -> 11.5 | M4: =IF(L4>=K4,0,"-500") -> 0 | N4: =SUMIF('5. 安打紀錄表'!$W:$W,$B4,'5. 安打紀錄表'!$AB:$AB) -> 11 | O4: =SUMIF(數據!$A:$A,$B4,數據!$Y:$Y) -> 1 | P4: =IF(O4>=N4,0,"-500") -> -500 | Q4: =SUMIF('5. 安打紀錄表'!$W:$W,$B4,'5. 安打紀錄表'!$AC:$AC) -> 9237 | R4: =SUMIF(數據!$A:$A,$B4,數據!$AE:$AE) -> 9289.02 | S4: =IF(R4>=Q4,0,"-500") -> 0 | T4: =SUMIF('5. 安打紀錄表'!$W:$W,$B4,'5. 安打紀錄表'!$AD:$AD) -> 11289 | U4: =SUMIF(數據!$A:$A,$B4,數據!$AF:$AF) -> 7331 | V4: =IF(U4>=T4,0,"-500") -> -500 | W4: =SUMIF('5. 安打紀錄表'!$W:$W,$B4,'5. 安打紀錄表'!$AE:$AE) -> 5 | X4: =SUMIF(數據!$A:$A,$B4,數據!$T:$T) -> 10 | Y4: =IF(X4>=W4,0,"-500") -> 0 | Z4: =SUMIF('5. 安打紀錄表'!$W:$W,$B4,'5. 安打紀錄表'!$AF:$AF) -> 7 | AA4: =SUMIF(數據!$A:$A,$B4,數據!$U:$U) -> 1 | AB4: =IF(AA4>=Z4,0,"-500") -> -500 | AC4: 5 | AD4: 0 | AE4: =IF(AD4>=AC4,0,"-500") -> -500
A5: 鼎山店 | B5: 高琦茗 | C5: 銅級 | D5: =G5+J5+M5+P5+S5+V5+Y5+AB5+AE5 -> -3500 | E5: =SUMIF('5. 安打紀錄表'!$W:$W,$B5,'5. 安打紀錄表'!$Y:$Y) -> 18 | F5: =SUMIF(數據!$A:$A,$B5,數據!$V:$V) -> 11 | G5: =IF(F5>=E5,0,"-500") -> -500 | H5: =SUMIF('5. 安打紀錄表'!$W:$W,$B5,'5. 安打紀錄表'!$Z:$Z) -> 22 | I5: =SUMIF(數據!$A:$A,$B5,數據!$W:W) -> 2 | J5: =IF(I5>=H5,0,"-500") -> -500 | K5: =SUMIF('5. 安打紀錄表'!$W:$W,$B5,'5. 安打紀錄表'!$AA:$AA) -> 9 | L5: =SUMIF(數據!$A:$A,$B5,數據!$X:$X) -> 9.25 | M5: =IF(L5>=K5,0,"-500") -> 0 | N5: =SUMIF('5. 安打紀錄表'!$W:$W,$B5,'5. 安打紀錄表'!$AB:$AB) -> 10 | O5: =SUMIF(數據!$A:$A,$B5,數據!$Y:$Y) -> 1 | P5: =IF(O5>=N5,0,"-500") -> -500 | Q5: =SUMIF('5. 安打紀錄表'!$W:$W,$B5,'5. 安打紀錄表'!$AC:$AC) -> 9237 | R5: =SUMIF(數據!$A:$A,$B5,數據!$AE:$AE) -> 2316.36 | S5: =IF(R5>=Q5,0,"-500") -> -500 | T5: =SUMIF('5. 安打紀錄表'!$W:$W,$B5,'5. 安打紀錄表'!$AD:$AD) -> 11289 | U5: =SUMIF(數據!$A:$A,$B5,數據!$AF:$AF) -> 5684.8 | V5: =IF(U5>=T5,0,"-500") -> -500 | W5: =SUMIF('5. 安打紀錄表'!$W:$W,$B5,'5. 安打紀錄表'!$AE:$AE) -> 5 | X5: =SUMIF(數據!$A:$A,$B5,數據!$T:$T) -> 7 | Y5: =IF(X5>=W5,0,"-500") -> 0 | Z5: =SUMIF('5. 安打紀錄表'!$W:$W,$B5,'5. 安打紀錄表'!$AF:$AF) -> 6 | AA5: =SUMIF(數據!$A:$A,$B5,數據!$U:$U) -> 0 | AB5: =IF(AA5>=Z5,0,"-500") -> -500 | AC5: 5 | AD5: 0 | AE5: =IF(AD5>=AC5,0,"-500") -> -500
A6: 鼎山店 | B6: 彥州 | C6: 石頭 | D6: =G6+J6+M6+P6+S6+V6+Y6+AB6+AE6 -> -3500 | E6: =SUMIF('5. 安打紀錄表'!$W:$W,$B6,'5. 安打紀錄表'!$Y:$Y) -> 16 | F6: =SUMIF(數據!$A:$A,$B6,數據!$V:$V) -> 13 | G6: =IF(F6>=E6,0,"-500") -> -500 | H6: =SUMIF('5. 安打紀錄表'!$W:$W,$B6,'5. 安打紀錄表'!$Z:$Z) -> 20 | I6: =SUMIF(數據!$A:$A,$B6,數據!$W:W) -> 1 | J6: =IF(I6>=H6,0,"-500") -> -500 | K6: =SUMIF('5. 安打紀錄表'!$W:$W,$B6,'5. 安打紀錄表'!$AA:$AA) -> 7 | L6: =SUMIF(數據!$A:$A,$B6,數據!$X:$X) -> 9 | M6: =IF(L6>=K6,0,"-500") -> 0 | N6: =SUMIF('5. 安打紀錄表'!$W:$W,$B6,'5. 安打紀錄表'!$AB:$AB) -> 9 | O6: =SUMIF(數據!$A:$A,$B6,數據!$Y:$Y) -> 1 | P6: =IF(O6>=N6,0,"-500") -> -500 | Q6: =SUMIF('5. 安打紀錄表'!$W:$W,$B6,'5. 安打紀錄表'!$AC:$AC) -> 9237 | R6: =SUMIF(數據!$A:$A,$B6,數據!$AE:$AE) -> 2617.02 | S6: =IF(R6>=Q6,0,"-500") -> -500 | T6: =SUMIF('5. 安打紀錄表'!$W:$W,$B6,'5. 安打紀錄表'!$AD:$AD) -> 11289 | U6: =SUMIF(數據!$A:$A,$B6,數據!$AF:$AF) -> 4717 | V6: =IF(U6>=T6,0,"-500") -> -500 | W6: =SUMIF('5. 安打紀錄表'!$W:$W,$B6,'5. 安打紀錄表'!$AE:$AE) -> 4 | X6: =SUMIF(數據!$A:$A,$B6,數據!$T:$T) -> 7 | Y6: =IF(X6>=W6,0,"-500") -> 0 | Z6: =SUMIF('5. 安打紀錄表'!$W:$W,$B6,'5. 安打紀錄表'!$AF:$AF) -> 5 | AA6: =SUMIF(數據!$A:$A,$B6,數據!$U:$U) -> 2 | AB6: =IF(AA6>=Z6,0,"-500") -> -500 | AC6: 5 | AD6: 0 | AE6: =IF(AD6>=AC6,0,"-500") -> -500
A7: 區督導 | B7: 黃庭鈞 | C7: 黃金級 | D7: =G7+J7+M7+P7+S7+V7+Y7+AB7+AE7 -> -2500 | E7: =SUMIF('5. 安打紀錄表'!$W:$W,$B7,'5. 安打紀錄表'!$Y:$Y) -> 16 | F7: =SUMIF(數據!$A:$A,$B7,數據!$V:$V) -> 19 | G7: =IF(F7>=E7,0,"-500") -> 0 | H7: =SUMIF('5. 安打紀錄表'!$W:$W,$B7,'5. 安打紀錄表'!$Z:$Z) -> 19 | I7: =SUMIF(數據!$A:$A,$B7,數據!$W:W) -> 3 | J7: =IF(I7>=H7,0,"-500") -> -500 | K7: =SUMIF('5. 安打紀錄表'!$W:$W,$B7,'5. 安打紀錄表'!$AA:$AA) -> 7 | L7: =SUMIF(數據!$A:$A,$B7,數據!$X:$X) -> 8 | M7: =IF(L7>=K7,0,"-500") -> 0 | N7: =SUMIF('5. 安打紀錄表'!$W:$W,$B7,'5. 安打紀錄表'!$AB:$AB) -> 9 | O7: =SUMIF(數據!$A:$A,$B7,數據!$Y:$Y) -> 1 | P7: =IF(O7>=N7,0,"-500") -> -500 | Q7: =SUMIF('5. 安打紀錄表'!$W:$W,$B7,'5. 安打紀錄表'!$AC:$AC) -> 9237 | R7: =SUMIF(數據!$A:$A,$B7,數據!$AE:$AE) -> 4060 | S7: =IF(R7>=Q7,0,"-500") -> -500 | T7: =SUMIF('5. 安打紀錄表'!$W:$W,$B7,'5. 安打紀錄表'!$AD:$AD) -> 11289 | U7: =SUMIF(數據!$A:$A,$B7,數據!$AF:$AF) -> 13509.91 | V7: =IF(U7>=T7,0,"-500") -> 0 | W7: =SUMIF('5. 安打紀錄表'!$W:$W,$B7,'5. 安打紀錄表'!$AE:$AE) -> 5 | X7: =SUMIF(數據!$A:$A,$B7,數據!$T:$T) -> 6 | Y7: =IF(X7>=W7,0,"-500") -> 0 | Z7: =SUMIF('5. 安打紀錄表'!$W:$W,$B7,'5. 安打紀錄表'!$AF:$AF) -> 5 | AA7: =SUMIF(數據!$A:$A,$B7,數據!$U:$U) -> 0 | AB7: =IF(AA7>=Z7,0,"-500") -> -500 | AC7: 5 | AD7: 0 | AE7: =IF(AD7>=AC7,0,"-500") -> -500
A8: 陽明店 | B8: 劉芳廷 | C8: 銀級 | D8: =G8+J8+M8+P8+S8+V8+Y8+AB8+AE8 -> -4500 | E8: =SUMIF('5. 安打紀錄表'!$W:$W,$B8,'5. 安打紀錄表'!$Y:$Y) -> 20 | F8: =SUMIF(數據!$A:$A,$B8,數據!$V:$V) -> 11 | G8: =IF(F8>=E8,0,"-500") -> -500 | H8: =SUMIF('5. 安打紀錄表'!$W:$W,$B8,'5. 安打紀錄表'!$Z:$Z) -> 24 | I8: =SUMIF(數據!$A:$A,$B8,數據!$W:W) -> 2 | J8: =IF(I8>=H8,0,"-500") -> -500 | K8: =SUMIF('5. 安打紀錄表'!$W:$W,$B8,'5. 安打紀錄表'!$AA:$AA) -> 9 | L8: =SUMIF(數據!$A:$A,$B8,數據!$X:$X) -> 4 | M8: =IF(L8>=K8,0,"-500") -> -500 | N8: =SUMIF('5. 安打紀錄表'!$W:$W,$B8,'5. 安打紀錄表'!$AB:$AB) -> 12 | O8: =SUMIF(數據!$A:$A,$B8,數據!$Y:$Y) -> 0 | P8: =IF(O8>=N8,0,"-500") -> -500 | Q8: =SUMIF('5. 安打紀錄表'!$W:$W,$B8,'5. 安打紀錄表'!$AC:$AC) -> 9237 | R8: =SUMIF(數據!$A:$A,$B8,數據!$AE:$AE) -> 2109.8 | S8: =IF(R8>=Q8,0,"-500") -> -500 | T8: =SUMIF('5. 安打紀錄表'!$W:$W,$B8,'5. 安打紀錄表'!$AD:$AD) -> 11289 | U8: =SUMIF(數據!$A:$A,$B8,數據!$AF:$AF) -> 4816 | V8: =IF(U8>=T8,0,"-500") -> -500 | W8: =SUMIF('5. 安打紀錄表'!$W:$W,$B8,'5. 安打紀錄表'!$AE:$AE) -> 6 | X8: =SUMIF(數據!$A:$A,$B8,數據!$T:$T) -> 3 | Y8: =IF(X8>=W8,0,"-500") -> -500 | Z8: =SUMIF('5. 安打紀錄表'!$W:$W,$B8,'5. 安打紀錄表'!$AF:$AF) -> 8 | AA8: =SUMIF(數據!$A:$A,$B8,數據!$U:$U) -> 0 | AB8: =IF(AA8>=Z8,0,"-500") -> -500 | AC8: 5 | AD8: 0 | AE8: =IF(AD8>=AC8,0,"-500") -> -500
A9: 陽明店 | B9: 邱雨蔚 | C9: 銀級 | D9: =G9+J9+M9+P9+S9+V9+Y9+AB9+AE9 -> -3500 | E9: =SUMIF('5. 安打紀錄表'!$W:$W,$B9,'5. 安打紀錄表'!$Y:$Y) -> 20 | F9: =SUMIF(數據!$A:$A,$B9,數據!$V:$V) -> 16 | G9: =IF(F9>=E9,0,"-500") -> -500 | H9: =SUMIF('5. 安打紀錄表'!$W:$W,$B9,'5. 安打紀錄表'!$Z:$Z) -> 24 | I9: =SUMIF(數據!$A:$A,$B9,數據!$W:W) -> 4 | J9: =IF(I9>=H9,0,"-500") -> -500 | K9: =SUMIF('5. 安打紀錄表'!$W:$W,$B9,'5. 安打紀錄表'!$AA:$AA) -> 9 | L9: =SUMIF(數據!$A:$A,$B9,數據!$X:$X) -> 10 | M9: =IF(L9>=K9,0,"-500") -> 0 | N9: =SUMIF('5. 安打紀錄表'!$W:$W,$B9,'5. 安打紀錄表'!$AB:$AB) -> 11 | O9: =SUMIF(數據!$A:$A,$B9,數據!$Y:$Y) -> 2 | P9: =IF(O9>=N9,0,"-500") -> -500 | Q9: =SUMIF('5. 安打紀錄表'!$W:$W,$B9,'5. 安打紀錄表'!$AC:$AC) -> 9237 | R9: =SUMIF(數據!$A:$A,$B9,數據!$AE:$AE) -> 7657 | S9: =IF(R9>=Q9,0,"-500") -> -500 | T9: =SUMIF('5. 安打紀錄表'!$W:$W,$B9,'5. 安打紀錄表'!$AD:$AD) -> 11289 | U9: =SUMIF(數據!$A:$A,$B9,數據!$AF:$AF) -> 5358.8 | V9: =IF(U9>=T9,0,"-500") -> -500 | W9: =SUMIF('5. 安打紀錄表'!$W:$W,$B9,'5. 安打紀錄表'!$AE:$AE) -> 6 | X9: =SUMIF(數據!$A:$A,$B9,數據!$T:$T) -> 10 | Y9: =IF(X9>=W9,0,"-500") -> 0 | Z9: =SUMIF('5. 安打紀錄表'!$W:$W,$B9,'5. 安打紀錄表'!$AF:$AF) -> 7 | AA9: =SUMIF(數據!$A:$A,$B9,數據!$U:$U) -> 2 | AB9: =IF(AA9>=Z9,0,"-500") -> -500 | AC9: 5 | AD9: 0 | AE9: =IF(AD9>=AC9,0,"-500") -> -500
A10: 陽明店 | B10: 林庭逸 | C10: 石頭 | D10: =G10+J10+M10+P10+S10+V10+Y10+AB10+AE10 -> -4000 | E10: =SUMIF('5. 安打紀錄表'!$W:$W,$B10,'5. 安打紀錄表'!$Y:$Y) -> 16 | F10: =SUMIF(數據!$A:$A,$B10,數據!$V:$V) -> 11 | G10: =IF(F10>=E10,0,"-500") -> -500 | H10: =SUMIF('5. 安打紀錄表'!$W:$W,$B10,'5. 安打紀錄表'!$Z:$Z) -> 20 | I10: =SUMIF(數據!$A:$A,$B10,數據!$W:W) -> 2 | J10: =IF(I10>=H10,0,"-500") -> -500 | K10: =SUMIF('5. 安打紀錄表'!$W:$W,$B10,'5. 安打紀錄表'!$AA:$AA) -> 8 | L10: =SUMIF(數據!$A:$A,$B10,數據!$X:$X) -> 5.5 | M10: =IF(L10>=K10,0,"-500") -> -500 | N10: =SUMIF('5. 安打紀錄表'!$W:$W,$B10,'5. 安打紀錄表'!$AB:$AB) -> 9 | O10: =SUMIF(數據!$A:$A,$B10,數據!$Y:$Y) -> 1 | P10: =IF(O10>=N10,0,"-500") -> -500 | Q10: =SUMIF('5. 安打紀錄表'!$W:$W,$B10,'5. 安打紀錄表'!$AC:$AC) -> 9237 | R10: =SUMIF(數據!$A:$A,$B10,數據!$AE:$AE) -> 1837 | S10: =IF(R10>=Q10,0,"-500") -> -500 | T10: =SUMIF('5. 安打紀錄表'!$W:$W,$B10,'5. 安打紀錄表'!$AD:$AD) -> 11289 | U10: =SUMIF(數據!$A:$A,$B10,數據!$AF:$AF) -> 2463 | V10: =IF(U10>=T10,0,"-500") -> -500 | W10: =SUMIF('5. 安打紀錄表'!$W:$W,$B10,'5. 安打紀錄表'!$AE:$AE) -> 5 | X10: =SUMIF(數據!$A:$A,$B10,數據!$T:$T) -> 6 | Y10: =IF(X10>=W10,0,"-500") -> 0 | Z10: =SUMIF('5. 安打紀錄表'!$W:$W,$B10,'5. 安打紀錄表'!$AF:$AF) -> 6 | AA10: =SUMIF(數據!$A:$A,$B10,數據!$U:$U) -> 0 | AB10: =IF(AA10>=Z10,0,"-500") -> -500 | AC10: 5 | AD10: 0 | AE10: =IF(AD10>=AC10,0,"-500") -> -500
A11: 後昌店 | B11: 郭家維 | C11: 銅級 | D11: =G11+J11+M11+P11+S11+V11+Y11+AB11+AE11 -> -4000 | E11: =SUMIF('5. 安打紀錄表'!$W:$W,$B11,'5. 安打紀錄表'!$Y:$Y) -> 18 | F11: =SUMIF(數據!$A:$A,$B11,數據!$V:$V) -> 14 | G11: =IF(F11>=E11,0,"-500") -> -500 | H11: =SUMIF('5. 安打紀錄表'!$W:$W,$B11,'5. 安打紀錄表'!$Z:$Z) -> 21 | I11: =SUMIF(數據!$A:$A,$B11,數據!$W:W) -> 3 | J11: =IF(I11>=H11,0,"-500") -> -500 | K11: =SUMIF('5. 安打紀錄表'!$W:$W,$B11,'5. 安打紀錄表'!$AA:$AA) -> 8 | L11: =SUMIF(數據!$A:$A,$B11,數據!$X:$X) -> 7 | M11: =IF(L11>=K11,0,"-500") -> -500 | N11: =SUMIF('5. 安打紀錄表'!$W:$W,$B11,'5. 安打紀錄表'!$AB:$AB) -> 10 | O11: =SUMIF(數據!$A:$A,$B11,數據!$Y:$Y) -> 1 | P11: =IF(O11>=N11,0,"-500") -> -500 | Q11: =SUMIF('5. 安打紀錄表'!$W:$W,$B11,'5. 安打紀錄表'!$AC:$AC) -> 9237 | R11: =SUMIF(數據!$A:$A,$B11,數據!$AE:$AE) -> 4585 | S11: =IF(R11>=Q11,0,"-500") -> -500 | T11: =SUMIF('5. 安打紀錄表'!$W:$W,$B11,'5. 安打紀錄表'!$AD:$AD) -> 11289 | U11: =SUMIF(數據!$A:$A,$B11,數據!$AF:$AF) -> 9406 | V11: =IF(U11>=T11,0,"-500") -> -500 | W11: =SUMIF('5. 安打紀錄表'!$W:$W,$B11,'5. 安打紀錄表'!$AE:$AE) -> 5 | X11: =SUMIF(數據!$A:$A,$B11,數據!$T:$T) -> 9 | Y11: =IF(X11>=W11,0,"-500") -> 0 | Z11: =SUMIF('5. 安打紀錄表'!$W:$W,$B11,'5. 安打紀錄表'!$AF:$AF) -> 6 | AA11: =SUMIF(數據!$A:$A,$B11,數據!$U:$U) -> 0 | AB11: =IF(AA11>=Z11,0,"-500") -> -500 | AC11: 5 | AD11: 0 | AE11: =IF(AD11>=AC11,0,"-500") -> -500
A12: 後昌店 | B12: 黃閔聖 | C12: 銀級 | D12: =G12+J12+M12+P12+S12+V12+Y12+AB12+AE12 -> -2500 | E12: =SUMIF('5. 安打紀錄表'!$W:$W,$B12,'5. 安打紀錄表'!$Y:$Y) -> 23 | F12: =SUMIF(數據!$A:$A,$B12,數據!$V:$V) -> 24 | G12: =IF(F12>=E12,0,"-500") -> 0 | H12: =SUMIF('5. 安打紀錄表'!$W:$W,$B12,'5. 安打紀錄表'!$Z:$Z) -> 27 | I12: =SUMIF(數據!$A:$A,$B12,數據!$W:W) -> 0 | J12: =IF(I12>=H12,0,"-500") -> -500 | K12: =SUMIF('5. 安打紀錄表'!$W:$W,$B12,'5. 安打紀錄表'!$AA:$AA) -> 10 | L12: =SUMIF(數據!$A:$A,$B12,數據!$X:$X) -> 12 | M12: =IF(L12>=K12,0,"-500") -> 0 | N12: =SUMIF('5. 安打紀錄表'!$W:$W,$B12,'5. 安打紀錄表'!$AB:$AB) -> 13 | O12: =SUMIF(數據!$A:$A,$B12,數據!$Y:$Y) -> 0 | P12: =IF(O12>=N12,0,"-500") -> -500 | Q12: =SUMIF('5. 安打紀錄表'!$W:$W,$B12,'5. 安打紀錄表'!$AC:$AC) -> 9237 | R12: =SUMIF(數據!$A:$A,$B12,數據!$AE:$AE) -> 12566 | S12: =IF(R12>=Q12,0,"-500") -> 0 | T12: =SUMIF('5. 安打紀錄表'!$W:$W,$B12,'5. 安打紀錄表'!$AD:$AD) -> 11289 | U12: =SUMIF(數據!$A:$A,$B12,數據!$AF:$AF) -> 9171.8 | V12: =IF(U12>=T12,0,"-500") -> -500 | W12: =SUMIF('5. 安打紀錄表'!$W:$W,$B12,'5. 安打紀錄表'!$AE:$AE) -> 7 | X12: =SUMIF(數據!$A:$A,$B12,數據!$T:$T) -> 8 | Y12: =IF(X12>=W12,0,"-500") -> 0 | Z12: =SUMIF('5. 安打紀錄表'!$W:$W,$B12,'5. 安打紀錄表'!$AF:$AF) -> 8 | AA12: =SUMIF(數據!$A:$A,$B12,數據!$U:$U) -> 0 | AB12: =IF(AA12>=Z12,0,"-500") -> -500 | AC12: 5 | AD12: 0 | AE12: =IF(AD12>=AC12,0,"-500") -> -500
A13: 後昌店 | B13: 秦曼芯 | C13: 石頭 | D13: =G13+J13+M13+P13+S13+V13+Y13+AB13+AE13 -> -4500 | E13: =SUMIF('5. 安打紀錄表'!$W:$W,$B13,'5. 安打紀錄表'!$Y:$Y) -> 15 | F13: =SUMIF(數據!$A:$A,$B13,數據!$V:$V) -> 8 | G13: =IF(F13>=E13,0,"-500") -> -500 | H13: =SUMIF('5. 安打紀錄表'!$W:$W,$B13,'5. 安打紀錄表'!$Z:$Z) -> 19 | I13: =SUMIF(數據!$A:$A,$B13,數據!$W:W) -> 1 | J13: =IF(I13>=H13,0,"-500") -> -500 | K13: =SUMIF('5. 安打紀錄表'!$W:$W,$B13,'5. 安打紀錄表'!$AA:$AA) -> 7 | L13: =SUMIF(數據!$A:$A,$B13,數據!$X:$X) -> 5 | M13: =IF(L13>=K13,0,"-500") -> -500 | N13: =SUMIF('5. 安打紀錄表'!$W:$W,$B13,'5. 安打紀錄表'!$AB:$AB) -> 9 | O13: =SUMIF(數據!$A:$A,$B13,數據!$Y:$Y) -> 2 | P13: =IF(O13>=N13,0,"-500") -> -500 | Q13: =SUMIF('5. 安打紀錄表'!$W:$W,$B13,'5. 安打紀錄表'!$AC:$AC) -> 9237 | R13: =SUMIF(數據!$A:$A,$B13,數據!$AE:$AE) -> 2877.73 | S13: =IF(R13>=Q13,0,"-500") -> -500 | T13: =SUMIF('5. 安打紀錄表'!$W:$W,$B13,'5. 安打紀錄表'!$AD:$AD) -> 11289 | U13: =SUMIF(數據!$A:$A,$B13,數據!$AF:$AF) -> 4882 | V13: =IF(U13>=T13,0,"-500") -> -500 | W13: =SUMIF('5. 安打紀錄表'!$W:$W,$B13,'5. 安打紀錄表'!$AE:$AE) -> 5 | X13: =SUMIF(數據!$A:$A,$B13,數據!$T:$T) -> 3 | Y13: =IF(X13>=W13,0,"-500") -> -500 | Z13: =SUMIF('5. 安打紀錄表'!$W:$W,$B13,'5. 安打紀錄表'!$AF:$AF) -> 5 | AA13: =SUMIF(數據!$A:$A,$B13,數據!$U:$U) -> 1 | AB13: =IF(AA13>=Z13,0,"-500") -> -500 | AC13: 5 | AD13: 0 | AE13: =IF(AD13>=AC13,0,"-500") -> -500
A14: 仁雄店 | B14: 黃傑稜 | C14: 白金級 | D14: =G14+J14+M14+P14+S14+V14+Y14+AB14+AE14 -> -3500 | E14: =SUMIF('5. 安打紀錄表'!$W:$W,$B14,'5. 安打紀錄表'!$Y:$Y) -> 24 | F14: =SUMIF(數據!$A:$A,$B14,數據!$V:$V) -> 24 | G14: =IF(F14>=E14,0,"-500") -> 0 | H14: =SUMIF('5. 安打紀錄表'!$W:$W,$B14,'5. 安打紀錄表'!$Z:$Z) -> 29 | I14: =SUMIF(數據!$A:$A,$B14,數據!$W:W) -> 0 | J14: =IF(I14>=H14,0,"-500") -> -500 | K14: =SUMIF('5. 安打紀錄表'!$W:$W,$B14,'5. 安打紀錄表'!$AA:$AA) -> 11 | L14: =SUMIF(數據!$A:$A,$B14,數據!$X:$X) -> 5.5 | M14: =IF(L14>=K14,0,"-500") -> -500 | N14: =SUMIF('5. 安打紀錄表'!$W:$W,$B14,'5. 安打紀錄表'!$AB:$AB) -> 13 | O14: =SUMIF(數據!$A:$A,$B14,數據!$Y:$Y) -> 0 | P14: =IF(O14>=N14,0,"-500") -> -500 | Q14: =SUMIF('5. 安打紀錄表'!$W:$W,$B14,'5. 安打紀錄表'!$AC:$AC) -> 9237 | R14: =SUMIF(數據!$A:$A,$B14,數據!$AE:$AE) -> 4960.16 | S14: =IF(R14>=Q14,0,"-500") -> -500 | T14: =SUMIF('5. 安打紀錄表'!$W:$W,$B14,'5. 安打紀錄表'!$AD:$AD) -> 11289 | U14: =SUMIF(數據!$A:$A,$B14,數據!$AF:$AF) -> 10107.8 | V14: =IF(U14>=T14,0,"-500") -> -500 | W14: =SUMIF('5. 安打紀錄表'!$W:$W,$B14,'5. 安打紀錄表'!$AE:$AE) -> 6 | X14: =SUMIF(數據!$A:$A,$B14,數據!$T:$T) -> 8 | Y14: =IF(X14>=W14,0,"-500") -> 0 | Z14: =SUMIF('5. 安打紀錄表'!$W:$W,$B14,'5. 安打紀錄表'!$AF:$AF) -> 7 | AA14: =SUMIF(數據!$A:$A,$B14,數據!$U:$U) -> 0 | AB14: =IF(AA14>=Z14,0,"-500") -> -500 | AC14: 5 | AD14: 0 | AE14: =IF(AD14>=AC14,0,"-500") -> -500
... A22: 凱旋店 | B22: 劉宗翰 | C22: 小石頭 | D22: =G22+J22+M22+P22+S22+V22+Y22+AB22+AE22 -> -2500 | E22: =SUMIF('5. 安打紀錄表'!$W:$W,$B22,'5. 安打紀錄表'!$Y:$Y) -> 11 | F22: =SUMIF(數據!$A:$A,$B22,數據!$V:$V) -> 11 | G22: =IF(F22>=E22,0,"-500") -> 0 | H22: =SUMIF('5. 安打紀錄表'!$W:$W,$B22,'5. 安打紀錄表'!$Z:$Z) -> 13 | I22: =SUMIF(數據!$A:$A,$B22,數據!$W:W) -> 0 | J22: =IF(I22>=H22,0,"-500") -> -500 | K22: =SUMIF('5. 安打紀錄表'!$W:$W,$B22,'5. 安打紀錄表'!$AA:$AA) -> 5 | L22: =SUMIF(數據!$A:$A,$B22,數據!$X:$X) -> 5 | M22: =IF(L22>=K22,0,"-500") -> 0 | N22: =SUMIF('5. 安打紀錄表'!$W:$W,$B22,'5. 安打紀錄表'!$AB:$AB) -> 6 | O22: =SUMIF(數據!$A:$A,$B22,數據!$Y:$Y) -> 0 | P22: =IF(O22>=N22,0,"-500") -> -500 | Q22: =SUMIF('5. 安打紀錄表'!$W:$W,$B22,'5. 安打紀錄表'!$AC:$AC) -> 4625 | R22: =SUMIF(數據!$A:$A,$B22,數據!$AE:$AE) -> 6993.73 | S22: =IF(R22>=Q22,0,"-500") -> 0 | T22: =SUMIF('5. 安打紀錄表'!$W:$W,$B22,'5. 安打紀錄表'!$AD:$AD) -> 5653 | U22: =SUMIF(數據!$A:$A,$B22,數據!$AF:$AF) -> 4744 | V22: =IF(U22>=T22,0,"-500") -> -500 | W22: =SUMIF('5. 安打紀錄表'!$W:$W,$B22,'5. 安打紀錄表'!$AE:$AE) -> 3 | X22: =SUMIF(數據!$A:$A,$B22,數據!$T:$T) -> 6 | Y22: =IF(X22>=W22,0,"-500") -> 0 | Z22: =SUMIF('5. 安打紀錄表'!$W:$W,$B22,'5. 安打紀錄表'!$AF:$AF) -> 4 | AA22: =SUMIF(數據!$A:$A,$B22,數據!$U:$U) -> 0 | AB22: =IF(AA22>=Z22,0,"-500") -> -500 | AC22: 5 | AD22: 0 | AE22: =IF(AD22>=AC22,0,"-500") -> -500

Sheet ■我的AQ獎金
A1: AQ獎金 | D1: AQ積分 | E1: AQ點數 必達60%低標 | F1: 上半場-AQ總點數 | I1: 下半場-AQ總點數 | L1: 上半場_AQ≧299點數 100元/點 | O1: 下半場_AQ≧299點數 100元/點 | R1: 上半場AQ999 加碼獎金300元/件
A2: 店點 | B2: 姓名 | C2: 職級 | D2: 25倍 | E2: AQ總獎金 | F2: 目標 | G2: 實際 | H2: 達成率 | I2: 目標 | J2: 實際 | K2: 達成率 | L2: 目標 | M2: 實際 | N2: 獎扣 | O2: 目標 | P2: 實際 | Q2: 獎扣 | R2: 實際 | S2: 獎金
A3: 鼎山店 | B3: 劉家妘 | C3: 白金級 | D3: =E3*25 -> 81250 | E3: =SUM(N3,Q3,S3) -> 3250 | F3: 19 | G3: =SUMIF(數據!$A:$A,$B3,數據!$C:$C) -> 23.5 | H3: =G3/F3 -> 1.2368421 | I3: 19 | J3: =SUMIF(數據!$A:$A,$B3,數據!$D:$D) -> 2 | K3: =J3/I3 -> 0.10526316 | L3: 19 | M3: =SUMIF(數據!$A:$A,$B3,數據!$E:$E) -> 23.5 | N3: =IF($H3>=60%,M3*100,0) -> 2350 | O3: 19 | P3: =SUMIF(數據!$A:$A,$B3,數據!$F:$F) -> 2 | Q3: =IF(K3<60%,0,(P3*100)) -> 0 | R3: =SUMIF(數據!$A:$A,$B3,數據!$G:$G) -> 3 | S3: =R3*300 -> 900
A4: 鼎山店 | B4: 陳亭安 | C4: 銀級 | D4: =E4*25 -> 73750 | E4: =SUM(N4,Q4,S4) -> 2950 | F4: 19 | G4: =SUMIF(數據!$A:$A,$B4,數據!$C:$C) -> 23.5 | H4: =G4/F4 -> 1.2368421 | I4: 19 | J4: =SUMIF(數據!$A:$A,$B4,數據!$D:$D) -> 0 | K4: =J4/I4 -> 0 | L4: 19 | M4: =SUMIF(數據!$A:$A,$B4,數據!$E:$E) -> 23.5 | N4: =IF($H4>=60%,M4*100,0) -> 2350 | O4: 19 | P4: =SUMIF(數據!$A:$A,$B4,數據!$F:$F) -> 0 | Q4: =IF(K4<60%,0,(P4*100)) -> 0 | R4: =SUMIF(數據!$A:$A,$B4,數據!$G:$G) -> 2 | S4: =R4*300 -> 600
A5: 鼎山店 | B5: 高琦茗 | C5: 銅級 | D5: =E5*25 -> 52500 | E5: =SUM(N5,Q5,S5) -> 2100 | F5: 19 | G5: =SUMIF(數據!$A:$A,$B5,數據!$C:$C) -> 15 | H5: =G5/F5 -> 0.78947368 | I5: 19 | J5: =SUMIF(數據!$A:$A,$B5,數據!$D:$D) -> 0 | K5: =J5/I5 -> 0 | L5: 19 | M5: =SUMIF(數據!$A:$A,$B5,數據!$E:$E) -> 15 | N5: =IF($H5>=60%,M5*100,0) -> 1500 | O5: 19 | P5: =SUMIF(數據!$A:$A,$B5,數據!$F:$F) -> 0 | Q5: =IF(K5<60%,0,(P5*100)) -> 0 | R5: =SUMIF(數據!$A:$A,$B5,數據!$G:$G) -> 2 | S5: =R5*300 -> 600
A6: 鼎山店 | B6: 彥州 | C6: 石頭 | D6: =E6*25 -> 105000 | E6: =SUM(N6,Q6,S6) -> 4200 | F6: 19 | G6: =SUMIF(數據!$A:$A,$B6,數據!$C:$C) -> 23 | H6: =G6/F6 -> 1.2105263 | I6: 19 | J6: =SUMIF(數據!$A:$A,$B6,數據!$D:$D) -> 11.5 | K6: =J6/I6 -> 0.60526316 | L6: 19 | M6: =SUMIF(數據!$A:$A,$B6,數據!$E:$E) -> 21.5 | N6: =IF($H6>=60%,M6*100,0) -> 2150 | O6: 19 | P6: =SUMIF(數據!$A:$A,$B6,數據!$F:$F) -> 11.5 | Q6: =IF(K6<60%,0,(P6*100)) -> 1150 | R6: =SUMIF(數據!$A:$A,$B6,數據!$G:$G) -> 3 | S6: =R6*300 -> 900
A7: 區督導 | B7: 黃庭鈞 | C7: 黃金級 | D7: =E7*25 -> 48750 | E7: =SUM(N7,Q7,S7) -> 1950 | F7: 19 | G7: =SUMIF(數據!$A:$A,$B7,數據!$C:$C) -> 16.5 | H7: =G7/F7 -> 0.86842105 | I7: 19 | J7: =SUMIF(數據!$A:$A,$B7,數據!$D:$D) -> 0 | K7: =J7/I7 -> 0 | L7: 19 | M7: =SUMIF(數據!$A:$A,$B7,數據!$E:$E) -> 16.5 | N7: =IF($H7>=60%,M7*100,0) -> 1650 | O7: 19 | P7: =SUMIF(數據!$A:$A,$B7,數據!$F:$F) -> 0 | Q7: =IF(K7<60%,0,(P7*100)) -> 0 | R7: =SUMIF(數據!$A:$A,$B7,數據!$G:$G) -> 1 | S7: =R7*300 -> 300
A8: 陽明店 | B8: 劉芳廷 | C8: 銀級 | D8: =E8*25 -> 41250 | E8: =SUM(N8,Q8,S8) -> 1650 | F8: 19 | G8: =SUMIF(數據!$A:$A,$B8,數據!$C:$C) -> 13.5 | H8: =G8/F8 -> 0.71052632 | I8: 19 | J8: =SUMIF(數據!$A:$A,$B8,數據!$D:$D) -> 0 | K8: =J8/I8 -> 0 | L8: 19 | M8: =SUMIF(數據!$A:$A,$B8,數據!$E:$E) -> 13.5 | N8: =IF($H8>=60%,M8*100,0) -> 1350 | O8: 19 | P8: =SUMIF(數據!$A:$A,$B8,數據!$F:$F) -> 0 | Q8: =IF(K8<60%,0,(P8*100)) -> 0 | R8: =SUMIF(數據!$A:$A,$B8,數據!$G:$G) -> 1 | S8: =R8*300 -> 300
A9: 陽明店 | B9: 邱雨蔚 | C9: 銀級 | D9: =E9*25 -> 147500 | E9: =SUM(N9,Q9,S9) -> 5900 | F9: 19 | G9: =SUMIF(數據!$A:$A,$B9,數據!$C:$C) -> 35.5 | H9: =G9/F9 -> 1.8684211 | I9: 19 | J9: =SUMIF(數據!$A:$A,$B9,數據!$D:$D) -> 11.5 | K9: =J9/I9 -> 0.60526316 | L9: 19 | M9: =SUMIF(數據!$A:$A,$B9,數據!$E:$E) -> 35.5 | N9: =M9*100 -> 3550 | O9: 19 | P9: =SUMIF(數據!$A:$A,$B9,數據!$F:$F) -> 11.5 | Q9: =P9*100 -> 1150 | R9: =SUMIF(數據!$A:$A,$B9,數據!$G:$G) -> 4 | S9: =R9*300 -> 1200
A10: 陽明店 | B10: 林庭逸 | C10: 石頭 | D10: =E10*25 -> 33750 | E10: =SUM(N10,Q10,S10) -> 1350 | F10: 19 | G10: =SUMIF(數據!$A:$A,$B10,數據!$C:$C) -> 12 | H10: =G10/F10 -> 0.63157895 | I10: 19 | J10: =SUMIF(數據!$A:$A,$B10,數據!$D:$D) -> 0 | K10: =J10/I10 -> 0 | L10: 19 | M10: =SUMIF(數據!$A:$A,$B10,數據!$E:$E) -> 10.5 | N10: =M10*100 -> 1050 | O10: 19 | P10: =SUMIF(數據!$A:$A,$B10,數據!$F:$F) -> 0 | Q10: =P10*100 -> 0 | R10: =SUMIF(數據!$A:$A,$B10,數據!$G:$G) -> 1 | S10: =R10*300 -> 300
A11: 後昌店 | B11: 郭家維 | C11: 銅級 | D11: =E11*25 -> 46250 | E11: =SUM(N11,Q11,S11) -> 1850 | F11: 19 | G11: =SUMIF(數據!$A:$A,$B11,數據!$C:$C) -> 15.5 | H11: =G11/F11 -> 0.81578947 | I11: 19 | J11: =SUMIF(數據!$A:$A,$B11,數據!$D:$D) -> 0 | K11: =J11/I11 -> 0 | L11: 19 | M11: =SUMIF(數據!$A:$A,$B11,數據!$E:$E) -> 15.5 | N11: =M11*100 -> 1550 | O11: 19 | P11: =SUMIF(數據!$A:$A,$B11,數據!$F:$F) -> 0 | Q11: =P11*100 -> 0 | R11: =SUMIF(數據!$A:$A,$B11,數據!$G:$G) -> 1 | S11: =R11*300 -> 300
A12: 後昌店 | B12: 黃閔聖 | C12: 銀級 | D12: =E12*25 -> 22500 | E12: =SUM(N12,Q12,S12) -> 900 | F12: 19 | G12: =SUMIF(數據!$A:$A,$B12,數據!$C:$C) -> 12 | H12: =G12/F12 -> 0.63157895 | I12: 19 | J12: =SUMIF(數據!$A:$A,$B12,數據!$D:$D) -> 0 | K12: =J12/I12 -> 0 | L12: 19 | M12: =SUMIF(數據!$A:$A,$B12,數據!$E:$E) -> 9 | N12: =IF($H12>=60%,M12*100,0) -> 900 | O12: 19 | P12: =SUMIF(數據!$A:$A,$B12,數據!$F:$F) -> 0 | Q12: =IF(K12<60%,0,(P12*100)) -> 0 | R12: =SUMIF(數據!$A:$A,$B12,數據!$G:$G) -> 0 | S12: =R12*300 -> 0
A13: 後昌店 | B13: 秦曼芯 | C13: 石頭 | D13: =E13*25 -> 41250 | E13: =SUM(N13,Q13,S13) -> 1650 | F13: 19 | G13: =SUMIF(數據!$A:$A,$B13,數據!$C:$C) -> 15 | H13: =G13/F13 -> 0.78947368 | I13: 19 | J13: =SUMIF(數據!$A:$A,$B13,數據!$D:$D) -> 0 | K13: =J13/I13 -> 0 | L13: 19 | M13: =SUMIF(數據!$A:$A,$B13,數據!$E:$E) -> 13.5 | N13: =IF($H13>=60%,M13*100,0) -> 1350 | O13: 19 | P13: =SUMIF(數據!$A:$A,$B13,數據!$F:$F) -> 0 | Q13: =IF(K13<60%,0,(P13*100)) -> 0 | R13: =SUMIF(數據!$A:$A,$B13,數據!$G:$G) -> 1 | S13: =R13*300 -> 300
A14: 仁雄店 | B14: 黃傑稜 | C14: 白金級 | D14: =E14*25 -> 100000 | E14: =SUM(N14,Q14,S14) -> 4000 | F14: 19 | G14: =SUMIF(數據!$A:$A,$B14,數據!$C:$C) -> 35.5 | H14: =G14/F14 -> 1.8684211 | I14: 19 | J14: =SUMIF(數據!$A:$A,$B14,數據!$D:$D) -> 0 | K14: =J14/I14 -> 0 | L14: 19 | M14: =SUMIF(數據!$A:$A,$B14,數據!$E:$E) -> 31 | N14: =IF($H14>=60%,M14*100,0) -> 3100 | O14: 19 | P14: =SUMIF(數據!$A:$A,$B14,數據!$F:$F) -> 0 | Q14: =IF(K14<60%,0,(P14*100)) -> 0 | R14: =SUMIF(數據!$A:$A,$B14,數據!$G:$G) -> 3 | S14: =R14*300 -> 900
A15: 仁雄店 | B15: 郭紳鴻 | C15: 銅級 | D15: =E15*25 -> 28750 | E15: =SUM(N15,Q15,S15) -> 1150 | F15: 19 | G15: =SUMIF(數據!$A:$A,$B15,數據!$C:$C) -> 11.5 | H15: =G15/F15 -> 0.60526316 | I15: 19 | J15: =SUMIF(數據!$A:$A,$B15,數據!$D:$D) -> 0 | K15: =J15/I15 -> 0 | L15: 19 | M15: =SUMIF(數據!$A:$A,$B15,數據!$E:$E) -> 8.5 | N15: =IF($H15>=60%,M15*100,0) -> 850 | O15: 19 | P15: =SUMIF(數據!$A:$A,$B15,數據!$F:$F) -> 0 | Q15: =IF(K15<60%,0,(P15*100)) -> 0 | R15: =SUMIF(數據!$A:$A,$B15,數據!$G:$G) -> 1 | S15: =R15*300 -> 300
A16: 仁雄店 | B16: 石佳穎 | C16: 銀級 | D16: =E16*25 -> 40000 | E16: =SUM(N16,Q16,S16) -> 1600 | F16: 19 | G16: =SUMIF(數據!$A:$A,$B16,數據!$C:$C) -> 14.5 | H16: =G16/F16 -> 0.76315789 | I16: 19 | J16: =SUMIF(數據!$A:$A,$B16,數據!$D:$D) -> 0 | K16: =J16/I16 -> 0 | L16: 19 | M16: =SUMIF(數據!$A:$A,$B16,數據!$E:$E) -> 13 | N16: =IF($H16>=60%,M16*100,0) -> 1300 | O16: 19 | P16: =SUMIF(數據!$A:$A,$B16,數據!$F:$F) -> 0 | Q16: =IF(K16<60%,0,(P16*100)) -> 0 | R16: =SUMIF(數據!$A:$A,$B16,數據!$G:$G) -> 1 | S16: =R16*300 -> 300
A17: 仁雄店 | B17: 蔡冠廷 | C17: 石頭 | D17: =E17*25 -> 26250 | E17: =SUM(N17,Q17,S17) -> 1050 | F17: 19 | G17: =SUMIF(數據!$A:$A,$B17,數據!$C:$C) -> 12 | H17: =G17/F17 -> 0.63157895 | I17: 19 | J17: =SUMIF(數據!$A:$A,$B17,數據!$D:$D) -> 0 | K17: =J17/I17 -> 0 | L17: 19 | M17: =SUMIF(數據!$A:$A,$B17,數據!$E:$E) -> 7.5 | N17: =IF($H17>=60%,M17*100,0) -> 750 | O17: 19 | P17: =SUMIF(數據!$A:$A,$B17,數據!$F:$F) -> 0 | Q17: =IF(K17<60%,0,(P17*100)) -> 0 | R17: =SUMIF(數據!$A:$A,$B17,數據!$G:$G) -> 1 | S17: =R17*300 -> 300
A18: 凱旋店 | B18: 陳宛姍 | C18: 白金級 | D18: =E18*25 -> 70000 | E18: =SUM(N18,Q18,S18) -> 2800 | F18: 19 | G18: =SUMIF(數據!$A:$A,$B18,數據!$C:$C) -> 22 | H18: =G18/F18 -> 1.1578947 | I18: 19 | J18: =SUMIF(數據!$A:$A,$B18,數據!$D:$D) -> 0 | K18: =J18/I18 -> 0 | L18: 19 | M18: =SUMIF(數據!$A:$A,$B18,數據!$E:$E) -> 22 | N18: =IF($H18>=60%,M18*100,0) -> 2200 | O18: 19 | P18: =SUMIF(數據!$A:$A,$B18,數據!$F:$F) -> 0 | Q18: =IF(K18<60%,0,(P18*100)) -> 0 | R18: =SUMIF(數據!$A:$A,$B18,數據!$G:$G) -> 2 | S18: =R18*300 -> 600
A19: 凱旋店 | B19: 黃子珊 | C19: 銀級 | D19: =E19*25 -> 58750 | E19: =SUM(N19,Q19,S19) -> 2350 | F19: 19 | G19: =SUMIF(數據!$A:$A,$B19,數據!$C:$C) -> 19 | H19: =G19/F19 -> 1 | I19: 19 | J19: =SUMIF(數據!$A:$A,$B19,數據!$D:$D) -> 6.5 | K19: =J19/I19 -> 0.34210526 | L19: 19 | M19: =SUMIF(數據!$A:$A,$B19,數據!$E:$E) -> 17.5 | N19: =IF($H19>=60%,M19*100,0) -> 1750 | O19: 19 | P19: =SUMIF(數據!$A:$A,$B19,數據!$F:$F) -> 6.5 | Q19: =IF(K19<60%,0,(P19*100)) -> 0 | R19: =SUMIF(數據!$A:$A,$B19,數據!$G:$G) -> 2 | S19: =R19*300 -> 600
A21: 凱旋店 | B21: 林瑞獻 | C21: 石頭 | D21: =E21*25 -> 30000 | E21: =SUM(N21,Q21,S21) -> 1200 | F21: 19 | G21: =SUMIF(數據!$A:$A,$B21,數據!$C:$C) -> 12 | H21: =G21/F21 -> 0.63157895 | I21: 19 | J21: =SUMIF(數據!$A:$A,$B21,數據!$D:$D) -> 0 | K21: =J21/I21 -> 0 | L21: 19 | M21: =SUMIF(數據!$A:$A,$B21,數據!$E:$E) -> 9 | N21: =IF($H21>=60%,M21*100,0) -> 900 | O21: 19 | P21: =SUMIF(數據!$A:$A,$B21,數據!$F:$F) -> 0 | Q21: =IF(K21<60%,0,(P21*100)) -> 0 | R21: =SUMIF(數據!$A:$A,$B21,數據!$G:$G) -> 1 | S21: =R21*300 -> 300
A22: 凱旋店 | B22: 劉宗翰 | C22: 小石頭 | D22: =E22*25 -> 13750 | E22: =SUM(N22,Q22,S22) -> 550 | F22: 8 | G22: =SUMIF(數據!$A:$A,$B22,數據!$C:$C) -> 5.5 | H22: =G22/F22 -> 0.6875 | I22: 8 | J22: =SUMIF(數據!$A:$A,$B22,數據!$D:$D) -> 2.5 | K22: =J22/I22 -> 0.3125 | L22: 8 | M22: =SUMIF(數據!$A:$A,$B22,數據!$E:$E) -> 5.5 | N22: =IF($H22>=60%,M22*100,0) -> 550 | O22: 8 | P22: =SUMIF(數據!$A:$A,$B22,數據!$F:$F) -> 0 | Q22: =IF(K22<60%,0,(P22*100)) -> 0 | R22: =SUMIF(數據!$A:$A,$B22,數據!$G:$G) -> 0 | S22: =R22*300 -> 0

Sheet ■我的RT獎金
A1: RT獎金 | D1: RT積分 | E1: RT總件數 必達60%低標 | F1: 上半場_RT總件數 | I1: 下半場_RT總件數 | L1: 上半場_RT升轉 每件100元 | O1: 下半場_RT升轉 每件100元 | R1: 上半場_特維 每件100元 | U1: 下半場_特維 每件100元 | X1: 上半場_RT 1399 每件100元 | AA1: 下半場_RT 1399 每件100元
A2: 店點 | B2: 姓名 | C2: 職級 | D2: 30倍 | E2: RT總獎金 | F2: 目標 | G2: 實際 | H2: 達成率 | I2: 目標 | J2: 實際 | K2: 達成率 | L2: 目標 | M2: 實際 | N2: 獎扣 | O2: 目標 | P2: 實際 | Q2: 獎扣 | R2: 目標 | S2: 實際 | T2: 獎扣 | U2: 目標 | V2: 實際 | W2: 獎扣 | X2: 目標 | Y2: 實際 | Z2: 獎扣 | AA2: 目標 | AB2: 實際 | AC2: 獎扣
A3: 鼎山店 | B3: 劉家妘 | C3: 白金級 | D3: =E3*30 -> 54000 | E3: =SUM(N3,Q3,T3,W3,Z3,AC3) -> 1800 | F3: 25 | G3: =SUMIF(數據!$A:$A,$B3,數據!$J:$J) -> 19 | H3: =G3/F3 -> 0.76 | I3: 31 | J3: =SUMIF(數據!$A:$A,$B3,數據!$K:$K) -> 3 | K3: =J3/I3 -> 0.096774194 | L3: 9 | M3: =SUMIF(數據!$A:$A,$B3,數據!$L:$L) -> 5 | N3: =IF($H3>=60%,M3*100,0) -> 500 | O3: 12 | P3: =SUMIF(數據!$A:$A,$B3,數據!$M:$M) -> 0 | Q3: =IF($K3<60%,0,P3*100) -> 0 | R3: 8 | S3: =SUMIF(數據!$A:$A,$B3,數據!$N:$N) -> 9 | T3: =IF($H3>=60%,S3*100,0) -> 900 | U3: 9 | V3: =SUMIF(數據!$A:$A,$B3,數據!$O:$O) -> 1 | W3: =IF($K3<60%,0,V3*100) -> 0 | X3: 8 | Y3: =SUMIF(數據!$A:$A,$B3,數據!$R:$R) -> 4 | Z3: =IF($H3>=60%,Y3*100,0) -> 400 | AA3: 9 | AB3: =SUMIF(數據!$A:$A,$B3,數據!$S:$S) -> 3 | AC3: =IF($K3<60%,0,AB3*100) -> 0
A4: 鼎山店 | B4: 陳亭安 | C4: 銀級 | D4: =E4*30 -> 81000 | E4: =SUM(N4,Q4,T4,W4,Z4,AC4) -> 2700 | F4: 23 | G4: =SUMIF(數據!$A:$A,$B4,數據!$J:$J) -> 26 | H4: =G4/F4 -> 1.1304348 | I4: 29 | J4: =SUMIF(數據!$A:$A,$B4,數據!$K:$K) -> 2 | K4: =J4/I4 -> 0.068965517 | L4: 9 | M4: =SUMIF(數據!$A:$A,$B4,數據!$L:$L) -> 10 | N4: =IF($H4>=60%,M4*100,0) -> 1000 | O4: 11 | P4: =SUMIF(數據!$A:$A,$B4,數據!$M:$M) -> 1 | Q4: =IF($K4<60%,0,P4*100) -> 0 | R4: 7 | S4: =SUMIF(數據!$A:$A,$B4,數據!$N:$N) -> 7 | T4: =IF($H4>=60%,S4*100,0) -> 700 | U4: 8 | V4: =SUMIF(數據!$A:$A,$B4,數據!$O:$O) -> 0 | W4: =IF($K4<60%,0,V4*100) -> 0 | X4: 7 | Y4: =SUMIF(數據!$A:$A,$B4,數據!$R:$R) -> 10 | Z4: =IF($H4>=60%,Y4*100,0) -> 1000 | AA4: 8 | AB4: =SUMIF(數據!$A:$A,$B4,數據!$S:$S) -> 1 | AC4: =IF(K4<60%,0,AB4*100) -> 0
A5: 鼎山店 | B5: 高琦茗 | C5: 銅級 | D5: =E5*30 -> 60000 | E5: =SUM(N5,Q5,T5,W5,Z5,AC5) -> 2000 | F5: 22 | G5: =SUMIF(數據!$A:$A,$B5,數據!$J:$J) -> 14 | H5: =G5/F5 -> 0.63636364 | I5: 27 | J5: =SUMIF(數據!$A:$A,$B5,數據!$K:$K) -> 2 | K5: =J5/I5 -> 0.074074074 | L5: 9 | M5: =SUMIF(數據!$A:$A,$B5,數據!$L:$L) -> 9 | N5: =IF($H5>=60%,M5*100,0) -> 900 | O5: 10 | P5: =SUMIF(數據!$A:$A,$B5,數據!$M:$M) -> 0 | Q5: =IF($K5<60%,0,P5*100) -> 0 | R5: 6 | S5: =SUMIF(數據!$A:$A,$B5,數據!$N:$N) -> 7 | T5: =IF($H5>=60%,S5*100,0) -> 700 | U5: 8 | V5: =SUMIF(數據!$A:$A,$B5,數據!$O:$O) -> 0 | W5: =IF($K5<60%,0,V5*100) -> 0 | X5: 6 | Y5: =SUMIF(數據!$A:$A,$B5,數據!$R:$R) -> 4 | Z5: =IF($H5>=60%,Y5*100,0) -> 400 | AA5: 8 | AB5: =SUMIF(數據!$A:$A,$B5,數據!$S:$S) -> 0 | AC5: =IF(K5<60%,0,AB5*100) -> 0
A6: 鼎山店 | B6: 彥州 | C6: 石頭 | D6: =E6*30 -> 48000 | E6: =SUM(N6,Q6,T6,W6,Z6,AC6) -> 1600 | F6: 19 | G6: =SUMIF(數據!$A:$A,$B6,數據!$J:$J) -> 15 | H6: =G6/F6 -> 0.78947368 | I6: 24 | J6: =SUMIF(數據!$A:$A,$B6,數據!$K:$K) -> 1 | K6: =J6/I6 -> 0.041666667 | L6: 7 | M6: =SUMIF(數據!$A:$A,$B6,數據!$L:$L) -> 5 | N6: =IF($H6>=60%,M6*100,0) -> 500 | O6: 9 | P6: =SUMIF(數據!$A:$A,$B6,數據!$M:$M) -> 0 | Q6: =IF($K6<60%,0,P6*100) -> 0 | R6: 6 | S6: =SUMIF(數據!$A:$A,$B6,數據!$N:$N) -> 8 | T6: =IF($H6>=60%,S6*100,0) -> 800 | U6: 7 | V6: =SUMIF(數據!$A:$A,$B6,數據!$O:$O) -> 1 | W6: =IF($K6<60%,0,V6*100) -> 0 | X6: 6 | Y6: =SUMIF(數據!$A:$A,$B6,數據!$R:$R) -> 3 | Z6: =IF($H6>=60%,Y6*100,0) -> 300 | AA6: 7 | AB6: =SUMIF(數據!$A:$A,$B6,數據!$S:$S) -> 0 | AC6: =IF(K6<60%,0,AB6*100) -> 0
A7: 區督導 | B7: 黃庭鈞 | C7: 黃金級 | D7: =E7*30 -> 90000 | E7: =SUM(N7,Q7,T7,W7,Z7,AC7) -> 3000 | F7: 19 | G7: =SUMIF(數據!$A:$A,$B7,數據!$J:$J) -> 29 | H7: =G7/F7 -> 1.5263158 | I7: 23 | J7: =SUMIF(數據!$A:$A,$B7,數據!$K:$K) -> 4 | K7: =J7/I7 -> 0.17391304 | L7: 7 | M7: =SUMIF(數據!$A:$A,$B7,數據!$L:$L) -> 11 | N7: =IF($H7>=60%,M7*100,0) -> 1100 | O7: 9 | P7: =SUMIF(數據!$A:$A,$B7,數據!$M:$M) -> 1 | Q7: =IF($K7<60%,0,P7*100) -> 0 | R7: 5 | S7: =SUMIF(數據!$A:$A,$B7,數據!$N:$N) -> 13 | T7: =IF($H7>=60%,S7*100,0) -> 1300 | U7: 6 | V7: =SUMIF(數據!$A:$A,$B7,數據!$O:$O) -> 1 | W7: =IF($K7<60%,0,V7*100) -> 0 | X7: 6 | Y7: =SUMIF(數據!$A:$A,$B7,數據!$R:$R) -> 6 | Z7: =IF($H7>=60%,Y7*100,0) -> 600 | AA7: 7 | AB7: =SUMIF(數據!$A:$A,$B7,數據!$S:$S) -> 2 | AC7: =IF(K7<60%,0,AB7*100) -> 0
A8: 陽明店 | B8: 劉芳廷 | C8: 銀級 | D8: =E8*30 -> 0 | E8: =SUM(N8,Q8,T8,W8,Z8,AC8) -> 0 | F8: 24 | G8: =SUMIF(數據!$A:$A,$B8,數據!$J:$J) -> 12 | H8: =G8/F8 -> 0.5 | I8: 29 | J8: =SUMIF(數據!$A:$A,$B8,數據!$K:$K) -> 2 | K8: =J8/I8 -> 0.068965517 | L8: 9 | M8: =SUMIF(數據!$A:$A,$B8,數據!$L:$L) -> 4 | N8: =IF($H8>=60%,M8*100,0) -> 0 | O8: 11 | P8: =SUMIF(數據!$A:$A,$B8,數據!$M:$M) -> 0 | Q8: =IF($K8<60%,0,P8*100) -> 0 | R8: 6 | S8: =SUMIF(數據!$A:$A,$B8,數據!$N:$N) -> 2 | T8: =IF($H8>=60%,S8*100,0) -> 0 | U8: 7 | V8: =SUMIF(數據!$A:$A,$B8,數據!$O:$O) -> 0 | W8: =IF($K8<60%,0,V8*100) -> 0 | X8: 7 | Y8: =SUMIF(數據!$A:$A,$B8,數據!$R:$R) -> 6 | Z8: =IF($H8>=60%,Y8*100,0) -> 0 | AA8: 9 | AB8: =SUMIF(數據!$A:$A,$B8,數據!$S:$S) -> 0 | AC8: =IF(K8<60%,0,AB8*100) -> 0
A9: 陽明店 | B9: 邱雨蔚 | C9: 銀級 | D9: =E9*30 -> 69000 | E9: =SUM(N9,Q9,T9,W9,Z9,AC9) -> 2300 | F9: 24 | G9: =SUMIF(數據!$A:$A,$B9,數據!$J:$J) -> 21 | H9: =G9/F9 -> 0.875 | I9: 29 | J9: =SUMIF(數據!$A:$A,$B9,數據!$K:$K) -> 3 | K9: =J9/I9 -> 0.10344828 | L9: 9 | M9: =SUMIF(數據!$A:$A,$B9,數據!$L:$L) -> 13 | N9: =IF($H9>=60%,M9*100,0) -> 1300 | O9: 11 | P9: =SUMIF(數據!$A:$A,$B9,數據!$M:$M) -> 0 | Q9: =IF($K9<60%,0,P9*100) -> 0 | R9: 6 | S9: =SUMIF(數據!$A:$A,$B9,數據!$N:$N) -> 4 | T9: =IF($H9>=60%,S9*100,0) -> 400 | U9: 7 | V9: =SUMIF(數據!$A:$A,$B9,數據!$O:$O) -> 1 | W9: =IF($K9<60%,0,V9*100) -> 0 | X9: 7 | Y9: =SUMIF(數據!$A:$A,$B9,數據!$R:$R) -> 6 | Z9: =IF($H9>=60%,Y9*100,0) -> 600 | AA9: 9 | AB9: =SUMIF(數據!$A:$A,$B9,數據!$S:$S) -> 2 | AC9: =IF(K9<60%,0,AB9*100) -> 0
A10: 陽明店 | B10: 林庭逸 | C10: 石頭 | D10: =E10*30 -> 42000 | E10: =SUM(N10,Q10,T10,W10,Z10,AC10) -> 1400 | F10: 20 | G10: =SUMIF(數據!$A:$A,$B10,數據!$J:$J) -> 12 | H10: =G10/F10 -> 0.6 | I10: 24 | J10: =SUMIF(數據!$A:$A,$B10,數據!$K:$K) -> 3 | K10: =J10/I10 -> 0.125 | L10: 8 | M10: =SUMIF(數據!$A:$A,$B10,數據!$L:$L) -> 7 | N10: =IF($H10>=60%,M10*100,0) -> 700 | O10: 9 | P10: =SUMIF(數據!$A:$A,$B10,數據!$M:$M) -> 1 | Q10: =IF($K10<60%,0,P10*100) -> 0 | R10: 5 | S10: =SUMIF(數據!$A:$A,$B10,數據!$N:$N) -> 4 | T10: =IF($H10>=60%,S10*100,0) -> 400 | U10: 5 | V10: =SUMIF(數據!$A:$A,$B10,數據!$O:$O) -> 1 | W10: =IF($K10<60%,0,V10*100) -> 0 | X10: 6 | Y10: =SUMIF(數據!$A:$A,$B10,數據!$R:$R) -> 3 | Z10: =IF($H10>=60%,Y10*100,0) -> 300 | AA10: 8 | AB10: =SUMIF(數據!$A:$A,$B10,數據!$S:$S) -> 0 | AC10: =IF(K10<60%,0,AB10*100) -> 0
A11: 後昌店 | B11: 郭家維 | C11: 銅級 | D11: =E11*30 -> 84000 | E11: =SUM(N11,Q11,T11,W11,Z11,AC11) -> 2800 | F11: 21 | G11: =SUMIF(數據!$A:$A,$B11,數據!$J:$J) -> 22 | H11: =G11/F11 -> 1.047619 | I11: 26 | J11: =SUMIF(數據!$A:$A,$B11,數據!$K:$K) -> 2 | K11: =J11/I11 -> 0.076923077 | L11: 8 | M11: =SUMIF(數據!$A:$A,$B11,數據!$L:$L) -> 11 | N11: =IF($H11>=60%,M11*100,0) -> 1100 | O11: 10 | P11: =SUMIF(數據!$A:$A,$B11,數據!$M:$M) -> 2 | Q11: =IF($K11<60%,0,P11*100) -> 0 | R11: 6 | S11: =SUMIF(數據!$A:$A,$B11,數據!$N:$N) -> 10 | T11: =IF($H11>=60%,S11*100,0) -> 1000 | U11: 7 | V11: =SUMIF(數據!$A:$A,$B11,數據!$O:$O) -> 0 | W11: =IF($K11<60%,0,V11*100) -> 0 | X11: 7 | Y11: =SUMIF(數據!$A:$A,$B11,數據!$R:$R) -> 7 | Z11: =IF($H11>=60%,Y11*100,0) -> 700 | AA11: 8 | AB11: =SUMIF(數據!$A:$A,$B11,數據!$S:$S) -> 1 | AC11: =IF(K11<60%,0,AB11*100) -> 0
A12: 後昌店 | B12: 黃閔聖 | C12: 銀級 | D12: =E12*30 -> 78000 | E12: =SUM(N12,Q12,T12,W12,Z12,AC12) -> 2600 | F12: 27 | G12: =SUMIF(數據!$A:$A,$B12,數據!$J:$J) -> 27 | H12: =G12/F12 -> 1 | I12: 33 | J12: =SUMIF(數據!$A:$A,$B12,數據!$K:$K) -> 0 | K12: =J12/I12 -> 0 | L12: 10 | M12: =SUMIF(數據!$A:$A,$B12,數據!$L:$L) -> 10 | N12: =IF($H12>=60%,M12*100,0) -> 1000 | O12: 13 | P12: =SUMIF(數據!$A:$A,$B12,數據!$M:$M) -> 0 | Q12: =IF($K12<60%,0,P12*100) -> 0 | R12: 8 | S12: =SUMIF(數據!$A:$A,$B12,數據!$N:$N) -> 10 | T12: =IF($H12>=60%,S12*100,0) -> 1000 | U12: 9 | V12: =SUMIF(數據!$A:$A,$B12,數據!$O:$O) -> 0 | W12: =IF($K12<60%,0,V12*100) -> 0 | X12: 9 | Y12: =SUMIF(數據!$A:$A,$B12,數據!$R:$R) -> 6 | Z12: =IF($H12>=60%,Y12*100,0) -> 600 | AA12: 10 | AB12: =SUMIF(數據!$A:$A,$B12,數據!$S:$S) -> 0 | AC12: =IF(K12<60%,0,AB12*100) -> 0
A13: 後昌店 | B13: 秦曼芯 | C13: 石頭 | D13: =E13*30 -> 39000 | E13: =SUM(N13,Q13,T13,W13,Z13,AC13) -> 1300 | F13: 19 | G13: =SUMIF(數據!$A:$A,$B13,數據!$J:$J) -> 13 | H13: =G13/F13 -> 0.68421053 | I13: 23 | J13: =SUMIF(數據!$A:$A,$B13,數據!$K:$K) -> 3 | K13: =J13/I13 -> 0.13043478 | L13: 7 | M13: =SUMIF(數據!$A:$A,$B13,數據!$L:$L) -> 5 | N13: =IF($H13>=60%,M13*100,0) -> 500 | O13: 9 | P13: =SUMIF(數據!$A:$A,$B13,數據!$M:$M) -> 0 | Q13: =IF($K13<60%,0,P13*100) -> 0 | R13: 5 | S13: =SUMIF(數據!$A:$A,$B13,數據!$N:$N) -> 5 | T13: =IF($H13>=60%,S13*100,0) -> 500 | U13: 6 | V13: =SUMIF(數據!$A:$A,$B13,數據!$O:$O) -> 1 | W13: =IF($K13<60%,0,V13*100) -> 0 | X13: 6 | Y13: =SUMIF(數據!$A:$A,$B13,數據!$R:$R) -> 3 | Z13: =IF($H13>=60%,Y13*100,0) -> 300 | AA13: 7 | AB13: =SUMIF(數據!$A:$A,$B13,數據!$S:$S) -> 1 | AC13: =IF(K13<60%,0,AB13*100) -> 0
A14: 仁雄店 | B14: 黃傑稜 | C14: 白金級 | D14: =E14*30 -> 126000 | E14: =SUM(N14,Q14,T14,W14,Z14,AC14) -> 4200 | F14: 29 | G14: =SUMIF(數據!$A:$A,$B14,數據!$J:$J) -> 31 | H14: =G14/F14 -> 1.0689655 | I14: 35 | J14: =SUMIF(數據!$A:$A,$B14,數據!$K:$K) -> 0 | K14: =J14/I14 -> 0 | L14: 11 | M14: =SUMIF(數據!$A:$A,$B14,數據!$L:$L) -> 20 | N14: =IF($H14>=60%,M14*100,0) -> 2000 | O14: 13 | P14: =SUMIF(數據!$A:$A,$B14,數據!$M:$M) -> 0 | Q14: =IF($K14<60%,0,P14*100) -> 0 | R14: 8 | S14: =SUMIF(數據!$A:$A,$B14,數據!$N:$N) -> 8 | T14: =IF($H14>=60%,S14*100,0) -> 800 | U14: 10 | V14: =SUMIF(數據!$A:$A,$B14,數據!$O:$O) -> 0 | W14: =IF($K14<60%,0,V14*100) -> 0 | X14: 9 | Y14: =SUMIF(數據!$A:$A,$B14,數據!$R:$R) -> 14 | Z14: =IF($H14>=60%,Y14*100,0) -> 1400 | AA14: 10 | AB14: =SUMIF(數據!$A:$A,$B14,數據!$S:$S) -> 0 | AC14: =IF(K14<60%,0,AB14*100) -> 0
A15: 仁雄店 | B15: 郭紳鴻 | C15: 銅級 | D15: =E15*30 -> 78000 | E15: =SUM(N15,Q15,T15,W15,Z15,AC15) -> 2600 | F15: 31 | G15: =SUMIF(數據!$A:$A,$B15,數據!$J:$J) -> 27 | H15: =G15/F15 -> 0.87096774 | I15: 38 | J15: =SUMIF(數據!$A:$A,$B15,數據!$K:$K) -> 1 | K15: =J15/I15 -> 0.026315789 | L15: 12 | M15: =SUMIF(數據!$A:$A,$B15,數據!$L:$L) -> 13 | N15: =IF($H15>=60%,M15*100,0) -> 1300 | O15: 14 | P15: =SUMIF(數據!$A:$A,$B15,數據!$M:$M) -> 0 | Q15: =IF($K15<60%,0,P15*100) -> 0 | R15: 9 | S15: =SUMIF(數據!$A:$A,$B15,數據!$N:$N) -> 6 | T15: =IF($H15>=60%,S15*100,0) -> 600 | U15: 10 | V15: =SUMIF(數據!$A:$A,$B15,數據!$O:$O) -> 1 | W15: =IF($K15<60%,0,V15*100) -> 0 | X15: 9 | Y15: =SUMIF(數據!$A:$A,$B15,數據!$R:$R) -> 7 | Z15: =IF($H15>=60%,Y15*100,0) -> 700 | AA15: 11 | AB15: =SUMIF(數據!$A:$A,$B15,數據!$S:$S) -> 0 | AC15: =IF(K15<60%,0,AB15*100) -> 0
... A22: 凱旋店 | B22: 劉宗翰 | C22: 小石頭 | D22: =E22*30 -> 57000 | E22: =SUM(N22,Q22,T22,W22,Z22,AC22) -> 1900 | F22: 14 | G22: =SUMIF(數據!$A:$A,$B22,數據!$J:$J) -> 15 | H22: =G22/F22 -> 1.0714286 | I22: 16 | J22: =SUMIF(數據!$A:$A,$B22,數據!$K:$K) -> 0 | K22: =J22/I22 -> 0 | L22: 5 | M22: =SUMIF(數據!$A:$A,$B22,數據!$L:$L) -> 11 | N22: =IF($H22>=60%,M22*100,0) -> 1100 | O22: 7 | P22: =SUMIF(數據!$A:$A,$B22,數據!$M:$M) -> 0 | Q22: =IF($K22<60%,0,P22*100) -> 0 | R22: 3 | S22: =SUMIF(數據!$A:$A,$B22,數據!$N:$N) -> 3 | T22: =IF($H22>=60%,S22*100,0) -> 300 | U22: 4 | V22: =SUMIF(數據!$A:$A,$B22,數據!$O:$O) -> 0 | W22: =IF($K22<60%,0,V22*100) -> 0 | X22: 4 | Y22: =SUMIF(數據!$A:$A,$B22,數據!$R:$R) -> 5 | Z22: =IF($H22>=60%,Y22*100,0) -> 500 | AA22: 4 | AB22: =SUMIF(數據!$A:$A,$B22,數據!$S:$S) -> 0 | AC22: =IF(K22<60%,0,AB22*100) -> 0

Sheet ■我的大類_重點目標
A1: 📋 員工名冊 - 基礎資料與目標設定
A2: 💡 月初設定一次 | 黃色欄位為手動輸入區 | 員工異動請在此表修改
A3: 員工編號 | B3: 店點 | C3: 姓名 | D3: 職級 | E3: 戰力等級 | F3: 責任毛利 目標 | G3: AQ目標 | H3: RT點數 目標 | I3: RT件數 目標 | J3: RT升轉 目標 | K3: RT999 目標 | L3: RT1399 目標 | M3: 特維 目標 | N3: 手機案 目標 | O3: 保險 目標 | P3: 5G 目標 | Q3: 責任機 目標 | R3: 庫存機 目標 | S3: 舊機回收 目標 | T3: 配件 目標
A4: E001 | B4: 鼎山店 | C4: 劉家妘 | D4: 白金級 | E4: L1 | F4: 100000 | G4: 38 | H4: 307 | I4: 56 | J4: 21 | K4: 25 | L4: 17 | M4: 17 | N4: 46 | O4: 21 | P4: 12 | Q4: 5 | R4: 1 | S4: 5 | T4: 20526
A5: E019 | B5: 鼎山店 | C5: 陳亭安 | D5: 銀級 | E5: L2 | F5: 90000 | G5: 38 | H5: 288 | I5: 52 | J5: 20 | K5: 23 | L5: 15 | M5: 15 | N5: 43 | O5: 20 | P5: 12 | Q5: 5 | R5: 1 | S5: 5 | T5: 20526
A6: E016 | B6: 鼎山店 | C6: 高琦茗 | D6: 銅級 | E6: L2 | F6: 80000 | G6: 38 | H6: 269 | I6: 49 | J6: 19 | K6: 21 | L6: 14 | M6: 14 | N6: 40 | O6: 19 | P6: 11 | Q6: 5 | R6: 1 | S6: 5 | T6: 20526
A7: E003 | B7: 鼎山店 | C7: 彥州 | D7: 石頭 | E7: L2 | F7: 70000 | G7: 38 | H7: 236 | I7: 43 | J7: 16 | K7: 19 | L7: 13 | M7: 13 | N7: 36 | O7: 16 | P7: 9 | Q7: 5 | R7: 1 | S7: 5 | T7: 20526
A8: E005 | B8: 陽明店 | C8: 劉芳廷 | D8: 銀級 | E8: L2 | F8: 90000 | G8: 38 | H8: 293 | I8: 53 | J8: 20 | K8: 24 | L8: 16 | M8: 13 | N8: 44 | O8: 21 | P8: 14 | Q8: 5 | R8: 1 | S8: 5 | T8: 20526
A9: E008 | B9: 陽明店 | C9: 邱雨蔚 | D9: 銀級 | E9: L2 | F9: 90000 | G9: 38 | H9: 293 | I9: 53 | J9: 20 | K9: 24 | L9: 16 | M9: 13 | N9: 44 | O9: 20 | P9: 13 | Q9: 5 | R9: 1 | S9: 5 | T9: 20526
A10: E018 | B10: 陽明店 | C10: 林庭逸 | D10: 石頭 | E10: L2 | F10: 70000 | G10: 38 | H10: 241 | I10: 44 | J10: 17 | K10: 19 | L10: 14 | M10: 10 | N10: 36 | O10: 17 | P10: 11 | Q10: 5 | R10: 1 | S10: 5 | T10: 20526
A11: E009 | B11: 後昌店 | C11: 郭家維 | D11: 銅級 | E11: L2 | F11: 80000 | G11: 38 | H11: 259 | I11: 47 | J11: 18 | K11: 20 | L11: 15 | M11: 13 | N11: 39 | O11: 18 | P11: 11 | Q11: 5 | R11: 1 | S11: 5 | T11: 20526
A12: E012 | B12: 後昌店 | C12: 黃閔聖 | D12: 銀級 | E12: L4 | F12: 90000 | G12: 38 | H12: 332 | I12: 60 | J12: 23 | K12: 26 | L12: 19 | M12: 17 | N12: 50 | O12: 23 | P12: 15 | Q12: 5 | R12: 1 | S12: 5 | T12: 20526
A13: E010 | B13: 後昌店 | C13: 秦曼芯 | D13: 石頭 | E13: L2 | F13: 70000 | G13: 38 | H13: 228 | I13: 42 | J13: 16 | K13: 18 | L13: 13 | M13: 11 | N13: 34 | O13: 16 | P13: 10 | Q13: 5 | R13: 1 | S13: 5 | T13: 20526
A14: E011 | B14: 仁雄店 | C14: 黃傑稜 | D14: 白金級 | E14: L1 | F14: 100000 | G14: 38 | H14: 349 | I14: 64 | J14: 24 | K14: 28 | L14: 19 | M14: 18 | N14: 53 | O14: 24 | P14: 13 | Q14: 5 | R14: 1 | S14: 5 | T14: 20526
A15: E013 | B15: 仁雄店 | C15: 郭紳鴻 | D15: 銅級 | E15: L4 | F15: 80000 | G15: 38 | H15: 382 | I15: 69 | J15: 26 | K15: 31 | L15: 20 | M15: 19 | N15: 58 | O15: 27 | P15: 15 | Q15: 5 | R15: 1 | S15: 5 | T15: 20526
... A22: E007 | B22: 區督導 | C22: 黃庭鈞 | D22: 黃金級 | E22: L1 | F22: 100000 | G22: 38 | H22: 232 | I22: 42 | J22: 16 | K22: 18 | L22: 13 | M22: 11 | N22: 35 | O22: 16 | P22: 10 | Q22: 6 | R22: 1 | S22: 5 | T22: 20526

Sheet 📊總部_個人業績累計
A1: 📊 員工業績累計表 - 自動彙整每日業績
A2: 業績週期： | B2: 8月下半場 | F2: 今日日期： | G2: =TODAY()-1 -> 46290 | I2: 已過天數： | J2: =TODAY()-DATE(2026,8,30) -> 27 | L2: 本月總天數： | M2: =30 -> 30
A3: 📋 員工資訊 | D3: 📊 累計業績（自動加總） | M3: 🎯 目標 | Q3: 📈 達成率 | U3: 🔮 預估月底 | Y3: 💰 獎金計算
A4: 店點 | B4: 姓名 | C4: 職級 | D4: AQ點數 累計 | E4: RT點數 累計 | F4: RT件數 累計 | G4: RT升轉 累計 | H4: RT999+ 累計 | I4: RT1399+ 累計 | J4: 特維 累計 | K4: 手機案 累計 | L4: 寬頻 累計 | M4: RT點數 目標 | N4: RT件數 目標 | O4: AQ 目標 | P4: 手機案 目標 | Q4: RT點數 達成率 | R4: RT件數 達成率 | S4: AQ 達成率 | T4: 手機 達成率 | U4: 預估 RT點數 | V4: 預估 RT件數 | W4: 預估 AQ | X4: 預估 手機案 | Y4: 基礎獎金 | Z4: 毛利分潤 | AA4: 全壘打 | AB4: 總獎金
A5: 鼎山店 | B5: 劉家妘 | C5: 白金級 | D5: =SUMIF(數據!$A:$A,$B5,數據!$C:$C)+SUMIF(數據!$A:$A,$B5,數據!$D:$D) -> 25.5 | E5: =SUMIF(數據!$A:$A,$B5,數據!$I:$I) -> 143.25 | F5: =SUMIF(數據!$A:$A,$B5,數據!$J:$J)+SUMIF(數據!$A:$A,$B5,數據!$K:$K) -> 22 | G5: =SUMIF(數據!$A:$A,$B5,數據!$L:$L)+SUMIF(數據!$A:$A,$B5,數據!$M:$M) -> 5 | H5: =SUMIF(數據!$A:$A,$B5,數據!$P:$P)+SUMIF(數據!$A:$A,$B5,數據!$Q:$Q) -> 15 | I5: =SUMIF(數據!$A:$A,$B5,數據!$R:$R)+SUMIF(數據!$A:$A,$B5,數據!$S:$S) -> 7 | J5: =SUMIF(數據!$A:$A,$B5,數據!$N:$N)+SUMIF(數據!$A:$A,$B5,數據!$O:$O) -> 10 | K5: =SUMIF(數據!$A:$A,$B5,數據!$V:$V)+SUMIF(數據!$A:$A,$B5,數據!$W:$W) -> 17 | L5: =SUMIF(數據!$A:$A,$B5,數據!$Z:$Z)+SUMIF(數據!$A:$A,$B5,數據!$AA:$AA) -> 0 | M5: =SUMIF(■我的大類_重點目標!$C:$C,$B5,■我的大類_重點目標!$H:$H) -> 307 | N5: =SUMIF(■我的大類_重點目標!$C:$C,$B5,■我的大類_重點目標!$I:$I) -> 56 | O5: =SUMIF(■我的大類_重點目標!$C:$C,$B5,■我的大類_重點目標!$G:$G) -> 38 | P5: =SUMIF(■我的大類_重點目標!$C:$C,$B5,■我的大類_重點目標!$N:$N) -> 46 | Q5: =IFERROR(E5/M5,0) -> 0.46661238 | R5: =IFERROR(F5/N5,0) -> 0.39285714 | S5: =IFERROR(D5/O5,0) -> 0.67105263 | T5: =IFERROR(K5/P5,0) -> 0.36956522 | U5: =IF($J$2>0,E5/$J$2*$M$2,0) -> 159.16667 | V5: =IF($J$2>0,F5/$J$2*$M$2,0) -> 24.444444 | W5: =IF($J$2>0,D5/$J$2*$M$2,0) -> 28.333333 | X5: =IF($J$2>0,K5/$J$2*$M$2,0) -> 18.888889 | Y5: =SUMIF(【你的全部獎金】!$B$7:$B$26,$B5,【你的全部獎金】!$K$7:$K$26) -> 5650 | Z5: =SUMIF(【你的全部獎金】!$B$7:$B$26,$B5,【你的全部獎金】!$L$7:$L$26) -> 15501.341 | AA5: =SUMIF(【你的全部獎金】!$B$7:$B$26,$B5,【你的全部獎金】!$O$7:$O$26) -> 3000 | AB5: =SUMIF(【你的全部獎金】!$B$7:$B$26,$B5,【你的全部獎金】!$Q$7:$Q$26) -> 27151.341
A6: 鼎山店 | B6: 陳亭安 | C6: 銀級 | D6: =SUMIF(數據!$A:$A,$B6,數據!$C:$C)+SUMIF(數據!$A:$A,$B6,數據!$D:$D) -> 23.5 | E6: =SUMIF(數據!$A:$A,$B6,數據!$I:$I) -> 216 | F6: =SUMIF(數據!$A:$A,$B6,數據!$J:$J)+SUMIF(數據!$A:$A,$B6,數據!$K:$K) -> 28 | G6: =SUMIF(數據!$A:$A,$B6,數據!$L:$L)+SUMIF(數據!$A:$A,$B6,數據!$M:$M) -> 11 | H6: =SUMIF(數據!$A:$A,$B6,數據!$P:$P)+SUMIF(數據!$A:$A,$B6,數據!$Q:$Q) -> 14 | I6: =SUMIF(數據!$A:$A,$B6,數據!$R:$R)+SUMIF(數據!$A:$A,$B6,數據!$S:$S) -> 11 | J6: =SUMIF(數據!$A:$A,$B6,數據!$N:$N)+SUMIF(數據!$A:$A,$B6,數據!$O:$O) -> 7 | K6: =SUMIF(數據!$A:$A,$B6,數據!$V:$V)+SUMIF(數據!$A:$A,$B6,數據!$W:$W) -> 24 | L6: =SUMIF(數據!$A:$A,$B6,數據!$Z:$Z)+SUMIF(數據!$A:$A,$B6,數據!$AA:$AA) -> 0 | M6: =SUMIF(■我的大類_重點目標!$C:$C,$B6,■我的大類_重點目標!$H:$H) -> 288 | N6: =SUMIF(■我的大類_重點目標!$C:$C,$B6,■我的大類_重點目標!$I:$I) -> 52 | O6: =SUMIF(■我的大類_重點目標!$C:$C,$B6,■我的大類_重點目標!$G:$G) -> 38 | P6: =SUMIF(■我的大類_重點目標!$C:$C,$B6,■我的大類_重點目標!$N:$N) -> 43 | Q6: =IFERROR(E6/M6,0) -> 0.75 | R6: =IFERROR(F6/N6,0) -> 0.53846154 | S6: =IFERROR(D6/O6,0) -> 0.61842105 | T6: =IFERROR(K6/P6,0) -> 0.55813953 | U6: =IF($J$2>0,E6/$J$2*$M$2,0) -> 240 | V6: =IF($J$2>0,F6/$J$2*$M$2,0) -> 31.111111 | W6: =IF($J$2>0,D6/$J$2*$M$2,0) -> 26.111111 | X6: =IF($J$2>0,K6/$J$2*$M$2,0) -> 26.666667 | Y6: =SUMIF(【你的全部獎金】!$B$7:$B$26,$B6,【你的全部獎金】!$K$7:$K$26) -> 5850 | Z6: =SUMIF(【你的全部獎金】!$B$7:$B$26,$B6,【你的全部獎金】!$L$7:$L$26) -> 10374.465 | AA6: =SUMIF(【你的全部獎金】!$B$7:$B$26,$B6,【你的全部獎金】!$O$7:$O$26) -> 5000 | AB6: =SUMIF(【你的全部獎金】!$B$7:$B$26,$B6,【你的全部獎金】!$Q$7:$Q$26) -> 21224.465
A7: 鼎山店 | B7: 高琦茗 | C7: 銅級 | D7: =SUMIF(數據!$A:$A,$B7,數據!$C:$C)+SUMIF(數據!$A:$A,$B7,數據!$D:$D) -> 15 | E7: =SUMIF(數據!$A:$A,$B7,數據!$I:$I) -> 113.45 | F7: =SUMIF(數據!$A:$A,$B7,數據!$J:$J)+SUMIF(數據!$A:$A,$B7,數據!$K:$K) -> 16 | G7: =SUMIF(數據!$A:$A,$B7,數據!$L:$L)+SUMIF(數據!$A:$A,$B7,數據!$M:$M) -> 9 | H7: =SUMIF(數據!$A:$A,$B7,數據!$P:$P)+SUMIF(數據!$A:$A,$B7,數據!$Q:$Q) -> 10 | I7: =SUMIF(數據!$A:$A,$B7,數據!$R:$R)+SUMIF(數據!$A:$A,$B7,數據!$S:$S) -> 4 | J7: =SUMIF(數據!$A:$A,$B7,數據!$N:$N)+SUMIF(數據!$A:$A,$B7,數據!$O:$O) -> 7 | K7: =SUMIF(數據!$A:$A,$B7,數據!$V:$V)+SUMIF(數據!$A:$A,$B7,數據!$W:$W) -> 13 | L7: =SUMIF(數據!$A:$A,$B7,數據!$Z:$Z)+SUMIF(數據!$A:$A,$B7,數據!$AA:$AA) -> 2 | M7: =SUMIF(■我的大類_重點目標!$C:$C,$B7,■我的大類_重點目標!$H:$H) -> 269 | N7: =SUMIF(■我的大類_重點目標!$C:$C,$B7,■我的大類_重點目標!$I:$I) -> 49 | O7: =SUMIF(■我的大類_重點目標!$C:$C,$B7,■我的大類_重點目標!$G:$G) -> 38 | P7: =SUMIF(■我的大類_重點目標!$C:$C,$B7,■我的大類_重點目標!$N:$N) -> 40 | Q7: =IFERROR(E7/M7,0) -> 0.42174721 | R7: =IFERROR(F7/N7,0) -> 0.32653061 | S7: =IFERROR(D7/O7,0) -> 0.39473684 | T7: =IFERROR(K7/P7,0) -> 0.325 | U7: =IF($J$2>0,E7/$J$2*$M$2,0) -> 126.05556 | V7: =IF($J$2>0,F7/$J$2*$M$2,0) -> 17.777778 | W7: =IF($J$2>0,D7/$J$2*$M$2,0) -> 16.666667 | X7: =IF($J$2>0,K7/$J$2*$M$2,0) -> 14.444444 | Y7: =SUMIF(【你的全部獎金】!$B$7:$B$26,$B7,【你的全部獎金】!$K$7:$K$26) -> 5100 | Z7: =SUMIF(【你的全部獎金】!$B$7:$B$26,$B7,【你的全部獎金】!$L$7:$L$26) -> 0 | AA7: =SUMIF(【你的全部獎金】!$B$7:$B$26,$B7,【你的全部獎金】!$O$7:$O$26) -> 3000 | AB7: =SUMIF(【你的全部獎金】!$B$7:$B$26,$B7,【你的全部獎金】!$Q$7:$Q$26) -> 8100
A8: 鼎山店 | B8: 彥州 | C8: 石頭 | D8: =SUMIF(數據!$A:$A,$B8,數據!$C:$C)+SUMIF(數據!$A:$A,$B8,數據!$D:$D) -> 34.5 | E8: =SUMIF(數據!$A:$A,$B8,數據!$I:$I) -> 84.75 | F8: =SUMIF(數據!$A:$A,$B8,數據!$J:$J)+SUMIF(數據!$A:$A,$B8,數據!$K:$K) -> 16 | G8: =SUMIF(數據!$A:$A,$B8,數據!$L:$L)+SUMIF(數據!$A:$A,$B8,數據!$M:$M) -> 5 | H8: =SUMIF(數據!$A:$A,$B8,數據!$P:$P)+SUMIF(數據!$A:$A,$B8,數據!$Q:$Q) -> 6 | I8: =SUMIF(數據!$A:$A,$B8,數據!$R:$R)+SUMIF(數據!$A:$A,$B8,數據!$S:$S) -> 3 | J8: =SUMIF(數據!$A:$A,$B8,數據!$N:$N)+SUMIF(數據!$A:$A,$B8,數據!$O:$O) -> 9 | K8: =SUMIF(數據!$A:$A,$B8,數據!$V:$V)+SUMIF(數據!$A:$A,$B8,數據!$W:$W) -> 14 | L8: =SUMIF(數據!$A:$A,$B8,數據!$Z:$Z)+SUMIF(數據!$A:$A,$B8,數據!$AA:$AA) -> 0 | M8: =SUMIF(■我的大類_重點目標!$C:$C,$B8,■我的大類_重點目標!$H:$H) -> 236 | N8: =SUMIF(■我的大類_重點目標!$C:$C,$B8,■我的大類_重點目標!$I:$I) -> 43 | O8: =SUMIF(■我的大類_重點目標!$C:$C,$B8,■我的大類_重點目標!$G:$G) -> 38 | P8: =SUMIF(■我的大類_重點目標!$C:$C,$B8,■我的大類_重點目標!$N:$N) -> 36 | Q8: =IFERROR(E8/M8,0) -> 0.35911017 | R8: =IFERROR(F8/N8,0) -> 0.37209302 | S8: =IFERROR(D8/O8,0) -> 0.90789474 | T8: =IFERROR(K8/P8,0) -> 0.38888889 | U8: =IF($J$2>0,E8/$J$2*$M$2,0) -> 94.166667 | V8: =IF($J$2>0,F8/$J$2*$M$2,0) -> 17.777778 | W8: =IF($J$2>0,D8/$J$2*$M$2,0) -> 38.333333 | X8: =IF($J$2>0,K8/$J$2*$M$2,0) -> 15.555556 | Y8: =SUMIF(【你的全部獎金】!$B$7:$B$26,$B8,【你的全部獎金】!$K$7:$K$26) -> 6550 | Z8: =SUMIF(【你的全部獎金】!$B$7:$B$26,$B8,【你的全部獎金】!$L$7:$L$26) -> 5000 | AA8: =SUMIF(【你的全部獎金】!$B$7:$B$26,$B8,【你的全部獎金】!$O$7:$O$26) -> 3000 | AB8: =SUMIF(【你的全部獎金】!$B$7:$B$26,$B8,【你的全部獎金】!$Q$7:$Q$26) -> 14550
A9: 區督導 | B9: 黃庭鈞 | C9: 黃金級 | D9: =SUMIF(數據!$A:$A,$B9,數據!$C:$C)+SUMIF(數據!$A:$A,$B9,數據!$D:$D) -> 16.5 | E9: =SUMIF(數據!$A:$A,$B9,數據!$I:$I) -> 218.25 | F9: =SUMIF(數據!$A:$A,$B9,數據!$J:$J)+SUMIF(數據!$A:$A,$B9,數據!$K:$K) -> 33 | G9: =SUMIF(數據!$A:$A,$B9,數據!$L:$L)+SUMIF(數據!$A:$A,$B9,數據!$M:$M) -> 12 | H9: =SUMIF(數據!$A:$A,$B9,數據!$P:$P)+SUMIF(數據!$A:$A,$B9,數據!$Q:$Q) -> 16 | I9: =SUMIF(數據!$A:$A,$B9,數據!$R:$R)+SUMIF(數據!$A:$A,$B9,數據!$S:$S) -> 8 | J9: =SUMIF(數據!$A:$A,$B9,數據!$N:$N)+SUMIF(數據!$A:$A,$B9,數據!$O:$O) -> 14 | K9: =SUMIF(數據!$A:$A,$B9,數據!$V:$V)+SUMIF(數據!$A:$A,$B9,數據!$W:$W) -> 22 | L9: =SUMIF(數據!$A:$A,$B9,數據!$Z:$Z)+SUMIF(數據!$A:$A,$B9,數據!$AA:$AA) -> 4.25 | M9: =SUMIF(■我的大類_重點目標!$C:$C,$B9,■我的大類_重點目標!$H:$H) -> 232 | N9: =SUMIF(■我的大類_重點目標!$C:$C,$B9,■我的大類_重點目標!$I:$I) -> 42 | O9: =SUMIF(■我的大類_重點目標!$C:$C,$B9,■我的大類_重點目標!$G:$G) -> 38 | P9: =SUMIF(■我的大類_重點目標!$C:$C,$B9,■我的大類_重點目標!$N:$N) -> 35 | Q9: =IFERROR(E9/M9,0) -> 0.94073276 | R9: =IFERROR(F9/N9,0) -> 0.78571429 | S9: =IFERROR(D9/O9,0) -> 0.43421053 | T9: =IFERROR(K9/P9,0) -> 0.62857143 | U9: =IF($J$2>0,E9/$J$2*$M$2,0) -> 242.5 | V9: =IF($J$2>0,F9/$J$2*$M$2,0) -> 36.666667 | W9: =IF($J$2>0,D9/$J$2*$M$2,0) -> 18.333333 | X9: =IF($J$2>0,K9/$J$2*$M$2,0) -> 24.444444 | Y9: =SUMIF(【你的全部獎金】!$B$7:$B$26,$B9,【你的全部獎金】!$K$7:$K$26) -> 7975 | Z9: =SUMIF(【你的全部獎金】!$B$7:$B$26,$B9,【你的全部獎金】!$L$7:$L$26) -> 27911.27 | AA9: =SUMIF(【你的全部獎金】!$B$7:$B$26,$B9,【你的全部獎金】!$O$7:$O$26) -> 7000 | AB9: =SUMIF(【你的全部獎金】!$B$7:$B$26,$B9,【你的全部獎金】!$Q$7:$Q$26) -> 45886.27
A10: 陽明店 | B10: 劉芳廷 | C10: 銀級 | D10: =SUMIF(數據!$A:$A,$B10,數據!$C:$C)+SUMIF(數據!$A:$A,$B10,數據!$D:$D) -> 13.5 | E10: =SUMIF(數據!$A:$A,$B10,數據!$I:$I) -> 87.55 | F10: =SUMIF(數據!$A:$A,$B10,數據!$J:$J)+SUMIF(數據!$A:$A,$B10,數據!$K:$K) -> 14 | G10: =SUMIF(數據!$A:$A,$B10,數據!$L:$L)+SUMIF(數據!$A:$A,$B10,數據!$M:$M) -> 4 | H10: =SUMIF(數據!$A:$A,$B10,數據!$P:$P)+SUMIF(數據!$A:$A,$B10,數據!$Q:$Q) -> 6 | I10: =SUMIF(數據!$A:$A,$B10,數據!$R:$R)+SUMIF(數據!$A:$A,$B10,數據!$S:$S) -> 6 | J10: =SUMIF(數據!$A:$A,$B10,數據!$N:$N)+SUMIF(數據!$A:$A,$B10,數據!$O:$O) -> 2 | K10: =SUMIF(數據!$A:$A,$B10,數據!$V:$V)+SUMIF(數據!$A:$A,$B10,數據!$W:$W) -> 13 | L10: =SUMIF(數據!$A:$A,$B10,數據!$Z:$Z)+SUMIF(數據!$A:$A,$B10,數據!$AA:$AA) -> 0 | M10: =SUMIF(■我的大類_重點目標!$C:$C,$B10,■我的大類_重點目標!$H:$H) -> 293 | N10: =SUMIF(■我的大類_重點目標!$C:$C,$B10,■我的大類_重點目標!$I:$I) -> 53 | O10: =SUMIF(■我的大類_重點目標!$C:$C,$B10,■我的大類_重點目標!$G:$G) -> 38 | P10: =SUMIF(■我的大類_重點目標!$C:$C,$B10,■我的大類_重點目標!$N:$N) -> 44 | Q10: =IFERROR(E10/M10,0) -> 0.29880546 | R10: =IFERROR(F10/N10,0) -> 0.26415094 | S10: =IFERROR(D10/O10,0) -> 0.35526316 | T10: =IFERROR(K10/P10,0) -> 0.29545455 | U10: =IF($J$2>0,E10/$J$2*$M$2,0) -> 97.277778 | V10: =IF($J$2>0,F10/$J$2*$M$2,0) -> 15.555556 | W10: =IF($J$2>0,D10/$J$2*$M$2,0) -> 15 | X10: =IF($J$2>0,K10/$J$2*$M$2,0) -> 14.444444 | Y10: =SUMIF(【你的全部獎金】!$B$7:$B$26,$B10,【你的全部獎金】!$K$7:$K$26) -> 2850 | Z10: =SUMIF(【你的全部獎金】!$B$7:$B$26,$B10,【你的全部獎金】!$L$7:$L$26) -> 0 | AA10: =SUMIF(【你的全部獎金】!$B$7:$B$26,$B10,【你的全部獎金】!$O$7:$O$26) -> 0 | AB10: =SUMIF(【你的全部獎金】!$B$7:$B$26,$B10,【你的全部獎金】!$Q$7:$Q$26) -> 2850
A11: 陽明店 | B11: 邱雨蔚 | C11: 銀級 | D11: =SUMIF(數據!$A:$A,$B11,數據!$C:$C)+SUMIF(數據!$A:$A,$B11,數據!$D:$D) -> 47 | E11: =SUMIF(數據!$A:$A,$B11,數據!$I:$I) -> 159.95 | F11: =SUMIF(數據!$A:$A,$B11,數據!$J:$J)+SUMIF(數據!$A:$A,$B11,數據!$K:$K) -> 24 | G11: =SUMIF(數據!$A:$A,$B11,數據!$L:$L)+SUMIF(數據!$A:$A,$B11,數據!$M:$M) -> 13 | H11: =SUMIF(數據!$A:$A,$B11,數據!$P:$P)+SUMIF(數據!$A:$A,$B11,數據!$Q:$Q) -> 11 | I11: =SUMIF(數據!$A:$A,$B11,數據!$R:$R)+SUMIF(數據!$A:$A,$B11,數據!$S:$S) -> 8 | J11: =SUMIF(數據!$A:$A,$B11,數據!$N:$N)+SUMIF(數據!$A:$A,$B11,數據!$O:$O) -> 5 | K11: =SUMIF(數據!$A:$A,$B11,數據!$V:$V)+SUMIF(數據!$A:$A,$B11,數據!$W:$W) -> 20 | L11: =SUMIF(數據!$A:$A,$B11,數據!$Z:$Z)+SUMIF(數據!$A:$A,$B11,數據!$AA:$AA) -> 1 | M11: =SUMIF(■我的大類_重點目標!$C:$C,$B11,■我的大類_重點目標!$H:$H) -> 293 | N11: =SUMIF(■我的大類_重點目標!$C:$C,$B11,■我的大類_重點目標!$I:$I) -> 53 | O11: =SUMIF(■我的大類_重點目標!$C:$C,$B11,■我的大類_重點目標!$G:$G) -> 38 | P11: =SUMIF(■我的大類_重點目標!$C:$C,$B11,■我的大類_重點目標!$N:$N) -> 44 | Q11: =IFERROR(E11/M11,0) -> 0.54590444 | R11: =IFERROR(F11/N11,0) -> 0.45283019 | S11: =IFERROR(D11/O11,0) -> 1.2368421 | T11: =IFERROR(K11/P11,0) -> 0.45454545 | U11: =IF($J$2>0,E11/$J$2*$M$2,0) -> 177.72222 | V11: =IF($J$2>0,F11/$J$2*$M$2,0) -> 26.666667 | W11: =IF($J$2>0,D11/$J$2*$M$2,0) -> 52.222222 | X11: =IF($J$2>0,K11/$J$2*$M$2,0) -> 22.222222 | Y11: =SUMIF(【你的全部獎金】!$B$7:$B$26,$B11,【你的全部獎金】!$K$7:$K$26) -> 9000 | Z11: =SUMIF(【你的全部獎金】!$B$7:$B$26,$B11,【你的全部獎金】!$L$7:$L$26) -> 20933.907 | AA11: =SUMIF(【你的全部獎金】!$B$7:$B$26,$B11,【你的全部獎金】!$O$7:$O$26) -> 4000 | AB11: =SUMIF(【你的全部獎金】!$B$7:$B$26,$B11,【你的全部獎金】!$Q$7:$Q$26) -> 36933.907
A12: 陽明店 | B12: 林庭逸 | C12: 石頭 | D12: =SUMIF(數據!$A:$A,$B12,數據!$C:$C)+SUMIF(數據!$A:$A,$B12,數據!$D:$D) -> 12 | E12: =SUMIF(數據!$A:$A,$B12,數據!$I:$I) -> 104.45 | F12: =SUMIF(數據!$A:$A,$B12,數據!$J:$J)+SUMIF(數據!$A:$A,$B12,數據!$K:$K) -> 15 | G12: =SUMIF(數據!$A:$A,$B12,數據!$L:$L)+SUMIF(數據!$A:$A,$B12,數據!$M:$M) -> 8 | H12: =SUMIF(數據!$A:$A,$B12,數據!$P:$P)+SUMIF(數據!$A:$A,$B12,數據!$Q:$Q) -> 7 | I12: =SUMIF(數據!$A:$A,$B12,數據!$R:$R)+SUMIF(數據!$A:$A,$B12,數據!$S:$S) -> 3 | J12: =SUMIF(數據!$A:$A,$B12,數據!$N:$N)+SUMIF(數據!$A:$A,$B12,數據!$O:$O) -> 5 | K12: =SUMIF(數據!$A:$A,$B12,數據!$V:$V)+SUMIF(數據!$A:$A,$B12,數據!$W:$W) -> 13 | L12: =SUMIF(數據!$A:$A,$B12,數據!$Z:$Z)+SUMIF(數據!$A:$A,$B12,數據!$AA:$AA) -> 1.5 | M12: =SUMIF(■我的大類_重點目標!$C:$C,$B12,■我的大類_重點目標!$H:$H) -> 241 | N12: =SUMIF(■我的大類_重點目標!$C:$C,$B12,■我的大類_重點目標!$I:$I) -> 44 | O12: =SUMIF(■我的大類_重點目標!$C:$C,$B12,■我的大類_重點目標!$G:$G) -> 38 | P12: =SUMIF(■我的大類_重點目標!$C:$C,$B12,■我的大類_重點目標!$N:$N) -> 36 | Q12: =IFERROR(E12/M12,0) -> 0.43340249 | R12: =IFERROR(F12/N12,0) -> 0.34090909 | S12: =IFERROR(D12/O12,0) -> 0.31578947 | T12: =IFERROR(K12/P12,0) -> 0.36111111 | U12: =IF($J$2>0,E12/$J$2*$M$2,0) -> 116.05556 | V12: =IF($J$2>0,F12/$J$2*$M$2,0) -> 16.666667 | W12: =IF($J$2>0,D12/$J$2*$M$2,0) -> 13.333333 | X12: =IF($J$2>0,K12/$J$2*$M$2,0) -> 14.444444 | Y12: =SUMIF(【你的全部獎金】!$B$7:$B$26,$B12,【你的全部獎金】!$K$7:$K$26) -> 3850 | Z12: =SUMIF(【你的全部獎金】!$B$7:$B$26,$B12,【你的全部獎金】!$L$7:$L$26) -> 6902.6444 | AA12: =SUMIF(【你的全部獎金】!$B$7:$B$26,$B12,【你的全部獎金】!$O$7:$O$26) -> 3000 | AB12: =SUMIF(【你的全部獎金】!$B$7:$B$26,$B12,【你的全部獎金】!$Q$7:$Q$26) -> 13752.644
A13: 後昌店 | B13: 郭家維 | C13: 銅級 | D13: =SUMIF(數據!$A:$A,$B13,數據!$C:$C)+SUMIF(數據!$A:$A,$B13,數據!$D:$D) -> 15.5 | E13: =SUMIF(數據!$A:$A,$B13,數據!$I:$I) -> 200.75 | F13: =SUMIF(數據!$A:$A,$B13,數據!$J:$J)+SUMIF(數據!$A:$A,$B13,數據!$K:$K) -> 24 | G13: =SUMIF(數據!$A:$A,$B13,數據!$L:$L)+SUMIF(數據!$A:$A,$B13,數據!$M:$M) -> 13 | H13: =SUMIF(數據!$A:$A,$B13,數據!$P:$P)+SUMIF(數據!$A:$A,$B13,數據!$Q:$Q) -> 16 | I13: =SUMIF(數據!$A:$A,$B13,數據!$R:$R)+SUMIF(數據!$A:$A,$B13,數據!$S:$S) -> 8 | J13: =SUMIF(數據!$A:$A,$B13,數據!$N:$N)+SUMIF(數據!$A:$A,$B13,數據!$O:$O) -> 10 | K13: =SUMIF(數據!$A:$A,$B13,數據!$V:$V)+SUMIF(數據!$A:$A,$B13,數據!$W:$W) -> 17 | L13: =SUMIF(數據!$A:$A,$B13,數據!$Z:$Z)+SUMIF(數據!$A:$A,$B13,數據!$AA:$AA) -> 2.75 | M13: =SUMIF(■我的大類_重點目標!$C:$C,$B13,■我的大類_重點目標!$H:$H) -> 259 | N13: =SUMIF(■我的大類_重點目標!$C:$C,$B13,■我的大類_重點目標!$I:$I) -> 47 | O13: =SUMIF(■我的大類_重點目標!$C:$C,$B13,■我的大類_重點目標!$G:$G) -> 38 | P13: =SUMIF(■我的大類_重點目標!$C:$C,$B13,■我的大類_重點目標!$N:$N) -> 39 | Q13: =IFERROR(E13/M13,0) -> 0.77509653 | R13: =IFERROR(F13/N13,0) -> 0.5106383 | S13: =IFERROR(D13/O13,0) -> 0.40789474 | T13: =IFERROR(K13/P13,0) -> 0.43589744 | U13: =IF($J$2>0,E13/$J$2*$M$2,0) -> 223.05556 | V13: =IF($J$2>0,F13/$J$2*$M$2,0) -> 26.666667 | W13: =IF($J$2>0,D13/$J$2*$M$2,0) -> 17.222222 | X13: =IF($J$2>0,K13/$J$2*$M$2,0) -> 18.888889 | Y13: =SUMIF(【你的全部獎金】!$B$7:$B$26,$B13,【你的全部獎金】!$K$7:$K$26) -> 6325 | Z13: =SUMIF(【你的全部獎金】!$B$7:$B$26,$B13,【你的全部獎金】!$L$7:$L$26) -> 8606.3806 | AA13: =SUMIF(【你的全部獎金】!$B$7:$B$26,$B13,【你的全部獎金】!$O$7:$O$26) -> 5000 | AB13: =SUMIF(【你的全部獎金】!$B$7:$B$26,$B13,【你的全部獎金】!$Q$7:$Q$26) -> 19931.381
A14: 後昌店 | B14: 黃閔聖 | C14: 銀級 | D14: =SUMIF(數據!$A:$A,$B14,數據!$C:$C)+SUMIF(數據!$A:$A,$B14,數據!$D:$D) -> 12 | E14: =SUMIF(數據!$A:$A,$B14,數據!$I:$I) -> 159.95 | F14: =SUMIF(數據!$A:$A,$B14,數據!$J:$J)+SUMIF(數據!$A:$A,$B14,數據!$K:$K) -> 27 | G14: =SUMIF(數據!$A:$A,$B14,數據!$L:$L)+SUMIF(數據!$A:$A,$B14,數據!$M:$M) -> 10 | H14: =SUMIF(數據!$A:$A,$B14,數據!$P:$P)+SUMIF(數據!$A:$A,$B14,數據!$Q:$Q) -> 10 | I14: =SUMIF(數據!$A:$A,$B14,數據!$R:$R)+SUMIF(數據!$A:$A,$B14,數據!$S:$S) -> 6 | J14: =SUMIF(數據!$A:$A,$B14,數據!$N:$N)+SUMIF(數據!$A:$A,$B14,數據!$O:$O) -> 10 | K14: =SUMIF(數據!$A:$A,$B14,數據!$V:$V)+SUMIF(數據!$A:$A,$B14,數據!$W:$W) -> 24 | L14: =SUMIF(數據!$A:$A,$B14,數據!$Z:$Z)+SUMIF(數據!$A:$A,$B14,數據!$AA:$AA) -> 1.5 | M14: =SUMIF(■我的大類_重點目標!$C:$C,$B14,■我的大類_重點目標!$H:$H) -> 332 | N14: =SUMIF(■我的大類_重點目標!$C:$C,$B14,■我的大類_重點目標!$I:$I) -> 60 | O14: =SUMIF(■我的大類_重點目標!$C:$C,$B14,■我的大類_重點目標!$G:$G) -> 38 | P14: =SUMIF(■我的大類_重點目標!$C:$C,$B14,■我的大類_重點目標!$N:$N) -> 50 | Q14: =IFERROR(E14/M14,0) -> 0.48177711 | R14: =IFERROR(F14/N14,0) -> 0.45 | S14: =IFERROR(D14/O14,0) -> 0.31578947 | T14: =IFERROR(K14/P14,0) -> 0.48 | U14: =IF($J$2>0,E14/$J$2*$M$2,0) -> 177.72222 | V14: =IF($J$2>0,F14/$J$2*$M$2,0) -> 30 | W14: =IF($J$2>0,D14/$J$2*$M$2,0) -> 13.333333 | X14: =IF($J$2>0,K14/$J$2*$M$2,0) -> 26.666667 | Y14: =SUMIF(【你的全部獎金】!$B$7:$B$26,$B14,【你的全部獎金】!$K$7:$K$26) -> 4550 | Z14: =SUMIF(【你的全部獎金】!$B$7:$B$26,$B14,【你的全部獎金】!$L$7:$L$26) -> 25720.014 | AA14: =SUMIF(【你的全部獎金】!$B$7:$B$26,$B14,【你的全部獎金】!$O$7:$O$26) -> 4000 | AB14: =SUMIF(【你的全部獎金】!$B$7:$B$26,$B14,【你的全部獎金】!$Q$7:$Q$26) -> 42270.014
A15: 後昌店 | B15: 秦曼芯 | C15: 石頭 | D15: =SUMIF(數據!$A:$A,$B15,數據!$C:$C)+SUMIF(數據!$A:$A,$B15,數據!$D:$D) -> 15 | E15: =SUMIF(數據!$A:$A,$B15,數據!$I:$I) -> 79 | F15: =SUMIF(數據!$A:$A,$B15,數據!$J:$J)+SUMIF(數據!$A:$A,$B15,數據!$K:$K) -> 16 | G15: =SUMIF(數據!$A:$A,$B15,數據!$L:$L)+SUMIF(數據!$A:$A,$B15,數據!$M:$M) -> 5 | H15: =SUMIF(數據!$A:$A,$B15,數據!$P:$P)+SUMIF(數據!$A:$A,$B15,數據!$Q:$Q) -> 5 | I15: =SUMIF(數據!$A:$A,$B15,數據!$R:$R)+SUMIF(數據!$A:$A,$B15,數據!$S:$S) -> 4 | J15: =SUMIF(數據!$A:$A,$B15,數據!$N:$N)+SUMIF(數據!$A:$A,$B15,數據!$O:$O) -> 6 | K15: =SUMIF(數據!$A:$A,$B15,數據!$V:$V)+SUMIF(數據!$A:$A,$B15,數據!$W:$W) -> 9 | L15: =SUMIF(數據!$A:$A,$B15,數據!$Z:$Z)+SUMIF(數據!$A:$A,$B15,數據!$AA:$AA) -> 0 | M15: =SUMIF(■我的大類_重點目標!$C:$C,$B15,■我的大類_重點目標!$H:$H) -> 228 | N15: =SUMIF(■我的大類_重點目標!$C:$C,$B15,■我的大類_重點目標!$I:$I) -> 42 | O15: =SUMIF(■我的大類_重點目標!$C:$C,$B15,■我的大類_重點目標!$G:$G) -> 38 | P15: =SUMIF(■我的大類_重點目標!$C:$C,$B15,■我的大類_重點目標!$N:$N) -> 34 | Q15: =IFERROR(E15/M15,0) -> 0.34649123 | R15: =IFERROR(F15/N15,0) -> 0.38095238 | S15: =IFERROR(D15/O15,0) -> 0.39473684 | T15: =IFERROR(K15/P15,0) -> 0.26470588 | U15: =IF($J$2>0,E15/$J$2*$M$2,0) -> 87.777778 | V15: =IF($J$2>0,F15/$J$2*$M$2,0) -> 17.777778 | W15: =IF($J$2>0,D15/$J$2*$M$2,0) -> 16.666667 | X15: =IF($J$2>0,K15/$J$2*$M$2,0) -> 10 | Y15: =SUMIF(【你的全部獎金】!$B$7:$B$26,$B15,【你的全部獎金】!$K$7:$K$26) -> 3300 | Z15: =SUMIF(【你的全部獎金】!$B$7:$B$26,$B15,【你的全部獎金】!$L$7:$L$26) -> 0 | AA15: =SUMIF(【你的全部獎金】!$B$7:$B$26,$B15,【你的全部獎金】!$O$7:$O$26) -> 3000 | AB15: =SUMIF(【你的全部獎金】!$B$7:$B$26,$B15,【你的全部獎金】!$Q$7:$Q$26) -> 6300
A16: 仁雄店 | B16: 黃傑稜 | C16: 白金級 | D16: =SUMIF(數據!$A:$A,$B16,數據!$C:$C)+SUMIF(數據!$A:$A,$B16,數據!$D:$D) -> 35.5 | E16: =SUMIF(數據!$A:$A,$B16,數據!$I:$I) -> 263.95 | F16: =SUMIF(數據!$A:$A,$B16,數據!$J:$J)+SUMIF(數據!$A:$A,$B16,數據!$K:$K) -> 31 | G16: =SUMIF(數據!$A:$A,$B16,數據!$L:$L)+SUMIF(數據!$A:$A,$B16,數據!$M:$M) -> 20 | H16: =SUMIF(數據!$A:$A,$B16,數據!$P:$P)+SUMIF(數據!$A:$A,$B16,數據!$Q:$Q) -> 20 | I16: =SUMIF(數據!$A:$A,$B16,數據!$R:$R)+SUMIF(數據!$A:$A,$B16,數據!$S:$S) -> 14 | J16: =SUMIF(數據!$A:$A,$B16,數據!$N:$N)+SUMIF(數據!$A:$A,$B16,數據!$O:$O) -> 8 | K16: =SUMIF(數據!$A:$A,$B16,數據!$V:$V)+SUMIF(數據!$A:$A,$B16,數據!$W:$W) -> 24 | L16: =SUMIF(數據!$A:$A,$B16,數據!$Z:$Z)+SUMIF(數據!$A:$A,$B16,數據!$AA:$AA) -> 1.25 | M16: =SUMIF(■我的大類_重點目標!$C:$C,$B16,■我的大類_重點目標!$H:$H) -> 349 | N16: =SUMIF(■我的大類_重點目標!$C:$C,$B16,■我的大類_重點目標!$I:$I) -> 64 | O16: =SUMIF(■我的大類_重點目標!$C:$C,$B16,■我的大類_重點目標!$G:$G) -> 38 | P16: =SUMIF(■我的大類_重點目標!$C:$C,$B16,■我的大類_重點目標!$N:$N) -> 53 | Q16: =IFERROR(E16/M16,0) -> 0.75630372 | R16: =IFERROR(F16/N16,0) -> 0.484375 | S16: =IFERROR(D16/O16,0) -> 0.93421053 | T16: =IFERROR(K16/P16,0) -> 0.45283019 | U16: =IF($J$2>0,E16/$J$2*$M$2,0) -> 293.27778 | V16: =IF($J$2>0,F16/$J$2*$M$2,0) -> 34.444444 | W16: =IF($J$2>0,D16/$J$2*$M$2,0) -> 39.444444 | X16: =IF($J$2>0,K16/$J$2*$M$2,0) -> 26.666667 | Y16: =SUMIF(【你的全部獎金】!$B$7:$B$26,$B16,【你的全部獎金】!$K$7:$K$26) -> 9275 | Z16: =SUMIF(【你的全部獎金】!$B$7:$B$26,$B16,【你的全部獎金】!$L$7:$L$26) -> 23459.168 | AA16: =SUMIF(【你的全部獎金】!$B$7:$B$26,$B16,【你的全部獎金】!$O$7:$O$26) -> 5000 | AB16: =SUMIF(【你的全部獎金】!$B$7:$B$26,$B16,【你的全部獎金】!$Q$7:$Q$26) -> 45734.168
... A24: 凱旋店 | B24: 劉宗翰 | C24: 小石頭 | D24: =SUMIF(數據!$A:$A,$B24,數據!$C:$C)+SUMIF(數據!$A:$A,$B24,數據!$D:$D) -> 8 | E24: =SUMIF(數據!$A:$A,$B24,數據!$I:$I) -> 133 | F24: =SUMIF(數據!$A:$A,$B24,數據!$J:$J)+SUMIF(數據!$A:$A,$B24,數據!$K:$K) -> 15 | G24: =SUMIF(數據!$A:$A,$B24,數據!$L:$L)+SUMIF(數據!$A:$A,$B24,數據!$M:$M) -> 11 | H24: =SUMIF(數據!$A:$A,$B24,數據!$P:$P)+SUMIF(數據!$A:$A,$B24,數據!$Q:$Q) -> 7 | I24: =SUMIF(數據!$A:$A,$B24,數據!$R:$R)+SUMIF(數據!$A:$A,$B24,數據!$S:$S) -> 5 | J24: =SUMIF(數據!$A:$A,$B24,數據!$N:$N)+SUMIF(數據!$A:$A,$B24,數據!$O:$O) -> 3 | K24: =SUMIF(數據!$A:$A,$B24,數據!$V:$V)+SUMIF(數據!$A:$A,$B24,數據!$W:$W) -> 11 | L24: =SUMIF(數據!$A:$A,$B24,數據!$Z:$Z)+SUMIF(數據!$A:$A,$B24,數據!$AA:$AA) -> 0 | M24: =SUMIF(■我的大類_重點目標!$C:$C,$B24,■我的大類_重點目標!$H:$H) -> 167 | N24: =SUMIF(■我的大類_重點目標!$C:$C,$B24,■我的大類_重點目標!$I:$I) -> 30 | O24: =SUMIF(■我的大類_重點目標!$C:$C,$B24,■我的大類_重點目標!$G:$G) -> 16 | P24: =SUMIF(■我的大類_重點目標!$C:$C,$B24,■我的大類_重點目標!$N:$N) -> 24 | Q24: =IFERROR(E24/M24,0) -> 0.79640719 | R24: =IFERROR(F24/N24,0) -> 0.5 | S24: =IFERROR(D24/O24,0) -> 0.5 | T24: =IFERROR(K24/P24,0) -> 0.45833333 | U24: =IF($J$2>0,E24/$J$2*$M$2,0) -> 147.77778 | V24: =IF($J$2>0,F24/$J$2*$M$2,0) -> 16.666667 | W24: =IF($J$2>0,D24/$J$2*$M$2,0) -> 8.8888889 | X24: =IF($J$2>0,K24/$J$2*$M$2,0) -> 12.222222 | Y24: =SUMIF(【你的全部獎金】!$B$7:$B$26,$B24,【你的全部獎金】!$K$7:$K$26) -> 2700 | Z24: =SUMIF(【你的全部獎金】!$B$7:$B$26,$B24,【你的全部獎金】!$L$7:$L$26) -> 0 | AA24: =SUMIF(【你的全部獎金】!$B$7:$B$26,$B24,【你的全部獎金】!$O$7:$O$26) -> 5000 | AB24: =SUMIF(【你的全部獎金】!$B$7:$B$26,$B24,【你的全部獎金】!$Q$7:$Q$26) -> 7700

Sheet 📥總部_每日業績輸入
A1: 📥 每日業績輸入區 - 每天貼上業績資料
A2: 💡 每日從系統匯出資料後，直接貼到第4行開始 | 格式：日期、店點、姓名、各項業績
A3: 日期 | B3: 店點 | C3: 姓名 | D3: 毛利 | E3: AQ點數 | F3: AQ999+ | G3: AQ299 | H3: RT點數 | I3: RT件數 | J3: RT升轉 | K3: 特維 | L3: RT999+ | M3: RT1399+ | N3: 5G | O3: 手機案 | P3: 保險 | Q3: 寬頻 | R3: 手機台數 | S3: 責任機 | T3: 換約淨新 | U3: 配件額 | V3: OP | W3: 備註
A4: 46264 | B4: 鼎山店 | C4: 劉家妘 | D4: 0 | E4: 0 | F4: 0 | G4: 0 | H4: 0 | I4: 0 | J4: 0 | K4: 0 | L4: 0 | M4: 0 | N4: 0 | O4: 0 | P4: 0 | Q4: 0 | R4: 0 | S4: 0 | T4: 0 | U4: 0
A5: 46264 | B5: 鼎山店 | C5: 陳亭安 | D5: 13680 | E5: 3 | F5: 0 | G5: 3 | H5: 38 | I5: 3 | J5: 2 | K5: 1 | L5: 3 | M5: 3 | N5: 4 | O5: 6 | P5: 2.5 | Q5: 0 | R5: 0 | S5: 0 | T5: 0 | U5: 1150
A6: 46264 | B6: 鼎山店 | C6: 高琦茗 | D6: 3809 | E6: 0 | F6: 0 | G6: 0 | H6: 8.5 | I6: 1 | J6: 1 | K6: 1 | L6: 1 | M6: 0 | N6: 0 | O6: 1 | P6: 1.5 | Q6: 0 | R6: 0 | S6: 0 | T6: 0 | U6: 631
A7: 46264 | B7: 鼎山店 | C7: 彥州 | D7: 0 | E7: 0 | F7: 0 | G7: 0 | H7: 0 | I7: 0 | J7: 0 | K7: 0 | L7: 0 | M7: 0 | N7: 0 | O7: 0 | P7: 0 | Q7: 0 | R7: 0 | S7: 0 | T7: 0 | U7: 0
A8: 46264 | B8: 區督導 | C8: 黃庭鈞 | D8: 8735 | E8: 0 | F8: 0 | G8: 0 | H8: 14.5 | I8: 2 | J8: 1 | K8: 1 | L8: 1 | M8: 1 | N8: 1 | O8: 2 | P8: 2 | Q8: 0 | R8: 0 | S8: 0 | T8: 0 | U8: 490
A9: 46264 | B9: 陽明店 | C9: 劉芳廷 | D9: 0 | E9: 0 | F9: 0 | G9: 0 | H9: 0 | I9: 0 | J9: 0 | K9: 0 | L9: 0 | M9: 0 | N9: 0 | O9: 0 | P9: 0 | Q9: 0 | R9: 0 | S9: 0 | T9: 0 | U9: 0
A10: 46264 | B10: 陽明店 | C10: 邱雨蔚 | D10: 1600 | E10: 0 | F10: 0 | G10: 0 | H10: 7 | I10: 2 | J10: 2 | K10: 0 | L10: 0 | M10: 0 | N10: 0 | O10: 0 | P10: 0 | Q10: 0 | R10: 0 | S10: 0 | T10: 0 | U10: 0
A11: 46264 | B11: 陽明店 | C11: 林庭逸 | D11: 390 | E11: 0 | F11: 0 | G11: 0 | H11: 0 | I11: 0 | J11: 0 | K11: 0 | L11: 0 | M11: 0 | N11: 1 | O11: 0 | P11: 0 | Q11: 0 | R11: 0 | S11: 0 | T11: 0 | U11: 200
A12: 46264 | B12: 後昌店 | C12: 郭家維 | D12: 3230 | E12: 0 | F12: 0 | G12: 0 | H12: 17.5 | I12: 3 | J12: 2 | K12: 0 | L12: 2 | M12: 0 | N12: 0 | O12: 1 | P12: 1 | Q12: 0 | R12: 0 | S12: 0 | T12: 0 | U12: 0
A13: 46264 | B13: 後昌店 | C13: 黃閔聖 | D13: 0 | E13: 0 | F13: 0 | G13: 0 | H13: 0 | I13: 0 | J13: 0 | K13: 0 | L13: 0 | M13: 0 | N13: 0 | O13: 0 | P13: 0 | Q13: 0 | R13: 0 | S13: 0 | T13: 0 | U13: 0
A14: 46264 | B14: 後昌店 | C14: 秦曼芯 | D14: 0 | E14: 0 | F14: 0 | G14: 0 | H14: 0 | I14: 0 | J14: 0 | K14: 0 | L14: 0 | M14: 0 | N14: 0 | O14: 0 | P14: 0 | Q14: 0 | R14: 0 | S14: 0 | T14: 0 | U14: 0
A15: 46264 | B15: 仁雄店 | C15: 黃傑稜 | D15: 0 | E15: 0 | F15: 0 | G15: 0 | H15: 0 | I15: 0 | J15: 0 | K15: 0 | L15: 0 | M15: 0 | N15: 0 | O15: 0 | P15: 0 | Q15: 0 | R15: 0 | S15: 0 | T15: 0 | U15: 0
... A102: 46269 | B102: 鼎山店 | C102: 彥州 | D102: 1083 | E102: 0 | F102: 0 | G102: 0 | H102: 3.5 | I102: 0 | J102: 0 | K102: 0 | L102: 1 | M102: 0 | N102: 1 | O102: 1 | P102: 0 | Q102: 0 | R102: 0 | S102: 0 | T102: 0 | U102: 637
A103: 46269 | B103: 區督導 | C103: 黃庭鈞 | D103: 3100 | E103: 0 | F103: 0 | G103: 0 | H103: 21 | I103: 3 | J103: 1 | K103: 0 | L103: 3 | M103: 1 | N103: 0 | O103: 2 | P103: 1 | Q103: 0 | R103: 0 | S103: 0 | T103: 0 | U103: 0 | V103: 1
A104: 46269 | B104: 陽明店 | C104: 劉芳廷 | D104: 0 | E104: 0 | F104: 0 | G104: 0 | H104: 0 | I104: 0 | J104: 0 | K104: 0 | L104: 0 | M104: 0 | N104: 0 | O104: 0 | P104: 0 | Q104: 0 | R104: 0 | S104: 0 | T104: 0 | U104: 0
A105: 46269 | B105: 陽明店 | C105: 邱雨蔚 | D105: 3144 | E105: 6.5 | F105: 1 | G105: 6.5 | H105: 6.5 | I105: 1 | J105: 0 | K105: 0 | L105: 1 | M105: 0 | N105: 3 | O105: 2 | P105: 1 | Q105: 0 | R105: 0 | S105: 0 | T105: 0 | U105: 0
A106: 46269 | B106: 陽明店 | C106: 林庭逸 | D106: 5190 | E106: 7.5 | F106: 1 | G106: 7.5 | H106: 2.25 | I106: 1 | J106: 0 | K106: 0 | L106: 0 | M106: 0 | N106: 2 | O106: 1 | P106: 0 | Q106: 0 | R106: 0 | S106: 0 | T106: 0 | U106: 0
A107: 46269 | B107: 後昌店 | C107: 郭家維 | D107: 7620 | E107: 0 | F107: 0 | G107: 0 | H107: 22.75 | I107: 5 | J107: 1 | K107: 3 | L107: 2 | M107: 1 | N107: 1 | O107: 3 | P107: 0 | Q107: 0 | R107: 0 | S107: 0 | T107: 0 | U107: 0
A108: 46269 | B108: 後昌店 | C108: 黃閔聖 | D108: 6681.2 | E108: 4.5 | F108: 0 | G108: 4.5 | H108: 11 | I108: 2 | J108: 0 | K108: 1 | L108: 1 | M108: 0 | N108: 2 | O108: 2 | P108: 0 | Q108: 0 | R108: 0 | S108: 0 | T108: 0 | U108: 658
A109: 46269 | B109: 後昌店 | C109: 秦曼芯 | D109: 0 | E109: 0 | F109: 0 | G109: 0 | H109: 0 | I109: 0 | J109: 0 | K109: 0 | L109: 0 | M109: 0 | N109: 0 | O109: 0 | P109: 0 | Q109: 0 | R109: 0 | S109: 0 | T109: 0 | U109: 0
A110: 46269 | B110: 仁雄店 | C110: 黃傑稜 | D110: 7243 | E110: 0 | F110: 0 | G110: 0 | H110: 21.2 | I110: 3 | J110: 2 | K110: 0 | L110: 2 | M110: 2 | N110: 0 | O110: 2 | P110: 0 | Q110: 0 | R110: 0 | S110: 0 | T110: 0 | U110: 497.36
A111: 46269 | B111: 仁雄店 | C111: 郭紳鴻 | D111: 0 | E111: 0 | F111: 0 | G111: 0 | H111: 0 | I111: 0 | J111: 0 | K111: 0 | L111: 0 | M111: 0 | N111: 0 | O111: 0 | P111: 0 | Q111: 0 | R111: 0 | S111: 0 | T111: 0 | U111: 0
A112: 46269 | B112: 仁雄店 | C112: 石佳穎 | D112: 0 | E112: 0 | F112: 0 | G112: 0 | H112: 0 | I112: 0 | J112: 0 | K112: 0 | L112: 0 | M112: 0 | N112: 0 | O112: 0 | P112: 0 | Q112: 0 | R112: 0 | S112: 0 | T112: 0 | U112: 0
A113: 46269 | B113: 仁雄店 | C113: 蔡冠廷 | D113: 950 | E113: 3 | F113: 0 | G113: 0 | H113: 3.5 | I113: 1 | J113: 0 | K113: 1 | L113: 0 | M113: 0 | N113: 0 | O113: 0 | P113: 0 | Q113: 0 | R113: 0 | S113: 0 | T113: 0 | U113: 0
A114: 46269 | B114: 凱旋店 | C114: 陳宛姍 | D114: 8193 | E114: 2.5 | F114: 0 | G114: 2.5 | H114: 17.5 | I114: 4 | J114: 3 | K114: 0 | L114: 1 | M114: 0 | N114: 1 | O114: 3 | P114: 3 | Q114: 0 | R114: 0 | S114: 0 | T114: 0 | U114: 147
A115: 46269 | B115: 凱旋店 | C115: 黃子珊 | D115: 0 | E115: 0 | F115: 0 | G115: 0 | H115: 0 | I115: 0 | J115: 0 | K115: 0 | L115: 0 | M115: 0 | N115: 0 | O115: 0 | P115: 0 | Q115: 0 | R115: 0 | S115: 0 | T115: 0 | U115: 0
... A196: 46274 | B196: 鼎山店 | C196: 高琦茗 | D196: 0 | E196: 0 | F196: 0 | G196: 0 | H196: 0 | I196: 0 | J196: 0 | K196: 0 | L196: 0 | M196: 0 | N196: 0 | O196: 0 | P196: 0 | Q196: 0 | R196: 0 | S196: 0 | T196: 0 | U196: 0
A197: 46274 | B197: 鼎山店 | C197: 彥州 | D197: 4338 | E197: 0 | F197: 0 | G197: 0 | H197: 12 | I197: 2 | J197: 0 | K197: 0 | L197: 1 | M197: 1 | N197: 0 | O197: 1 | P197: 1 | Q197: 0 | R197: 0 | S197: 0 | T197: 0 | U197: 50 | V197: 1
A198: 46274 | B198: 區督導 | C198: 黃庭鈞 | D198: 6035 | E198: 0 | F198: 0 | G198: 0 | H198: 12 | I198: 3 | J198: 1 | K198: 3 | L198: 1 | M198: 0 | N198: 0 | O198: 1 | P198: 0 | Q198: 1.5 | R198: 0 | S198: 0 | T198: 749 | U198: 245
A199: 46274 | B199: 陽明店 | C199: 劉芳廷 | D199: 0 | E199: 0 | F199: 0 | G199: 0 | H199: 0 | I199: 0 | J199: 0 | K199: 0 | L199: 0 | M199: 0 | N199: 0 | O199: 0 | P199: 0 | Q199: 0 | R199: 0 | S199: 0 | T199: 0 | U199: 0
A200: 46274 | B200: 陽明店 | C200: 邱雨蔚 | D200: 17245 | E200: 0 | F200: 0 | G200: 0 | H200: 18 | I200: 2 | J200: 1 | K200: 0 | L200: 1 | M200: 1 | N200: 0 | O200: 1 | P200: 1 | Q200: 0 | R200: 0 | S200: 0 | T200: 0 | U200: 675
A201: 46274 | B201: 陽明店 | C201: 林庭逸 | D201: 0 | E201: 0 | F201: 0 | G201: 0 | H201: 0 | I201: 0 | J201: 0 | K201: 0 | L201: 0 | M201: 0 | N201: 0 | O201: 0 | P201: 0 | Q201: 0 | R201: 0 | S201: 0 | T201: 0 | U201: 0
A202: 46274 | B202: 後昌店 | C202: 郭家維 | D202: 900 | E202: 0 | F202: 0 | G202: 0 | H202: 5 | I202: 1 | J202: 0 | K202: 1 | L202: 1 | M202: 0 | N202: 0 | O202: 0 | P202: 0 | Q202: 0 | R202: 0 | S202: 0 | T202: 0 | U202: 0
A203: 46274 | B203: 後昌店 | C203: 黃閔聖 | D203: 0 | E203: 0 | F203: 0 | G203: 0 | H203: 0 | I203: 0 | J203: 0 | K203: 0 | L203: 0 | M203: 0 | N203: 0 | O203: 0 | P203: 0 | Q203: 0 | R203: 0 | S203: 0 | T203: 0 | U203: 0
A204: 46274 | B204: 後昌店 | C204: 秦曼芯 | D204: 4960 | E204: 0 | F204: 0 | G204: 0 | H204: 22 | I204: 4 | J204: 1 | K204: 1 | L204: 2 | M204: 1 | N204: 0 | O204: 2 | P204: 1 | Q204: 0 | R204: 0 | S204: 0 | T204: 0 | U204: 400
A205: 46274 | B205: 仁雄店 | C205: 黃傑稜 | D205: 0 | E205: 0 | F205: 0 | G205: 0 | H205: 0 | I205: 0 | J205: 0 | K205: 0 | L205: 0 | M205: 0 | N205: 0 | O205: 0 | P205: 0 | Q205: 0 | R205: 0 | S205: 0 | T205: 0 | U205: 0
A206: 46274 | B206: 仁雄店 | C206: 郭紳鴻 | D206: 12398 | E206: 0 | F206: 0 | G206: 0 | H206: 55 | I206: 6 | J206: 3 | K206: 1 | L206: 2 | M206: 2 | N206: 0 | O206: 3 | P206: 2 | Q206: 0 | R206: 0 | S206: 0 | T206: 0 | U206: 1512
A207: 46274 | B207: 仁雄店 | C207: 石佳穎 | D207: 13802 | E207: 0 | F207: 0 | G207: 0 | H207: 25.75 | I207: 4 | J207: 1 | K207: 2 | L207: 1 | M207: 1 | N207: 1 | O207: 3 | P207: 1 | Q207: 0 | R207: 0 | S207: 0 | T207: 0 | U207: 257
A208: 46274 | B208: 仁雄店 | C208: 蔡冠廷 | D208: 200 | E208: 0 | F208: 0 | G208: 0 | H208: 0 | I208: 0 | J208: 0 | K208: 0 | L208: 0 | M208: 0 | N208: 0 | O208: 0 | P208: 0 | Q208: 0 | R208: 0 | S208: 0 | T208: 0 | U208: 0
A209: 46274 | B209: 凱旋店 | C209: 陳宛姍 | D209: 0 | E209: 0 | F209: 0 | G209: 0 | H209: 0 | I209: 0 | J209: 0 | K209: 0 | L209: 0 | M209: 0 | N209: 0 | O209: 0 | P209: 0 | Q209: 0 | R209: 0 | S209: 0 | T209: 0 | U209: 0
... A573: 46293 | B573: 凱旋店 | C573: 劉宗翰 | D573: 0 | E573: 0 | F573: 0 | G573: 0 | H573: 0 | I573: 0 | J573: 0 | K573: 0 | L573: 0 | M573: 0 | N573: 0 | O573: 0 | P573: 0 | Q573: 0 | R573: 0 | S573: 0 | T573: 0 | U573: 0

Sheet 數據
A1: 姓名 | B1: 毛利 | C1: 上半場 AQ點數 | D1: 下半場 AQ點數 | E1: 上半場 AQ299+ | F1: 下半場 AQ299+ | G1: 上半場 AQ999+ | H1: 下半場 AQ999+ | I1: RT點數 | J1: 上半場 RT總件數 | K1: 下半場 RT總件數 | L1: 上半場 RT升轉 | M1: 下半場 RT升轉 | N1: 上半場 特維 | O1: 下半場 特維 | P1: 上半場 RT 999 | Q1: 下半場 RT 999 | R1: 上半場 RT 1399 | S1: 下半場 RT 1399 | T1: 上半場 5G | U1: 下半場 5G | V1: 上半場 手機案 | W1: 下半場 手機案 | X1: 上半場 手機保險 | Y1: 下半場 手機保險 | Z1: 上半場寬頻 | AA1: 下半場寬頻 | AB1: 上半場 手機台數 | AC1: 下半場 手機台數 | AD1: 責任機 | AE1: 上半場 配件 | AF1: 下半場 配件 | AG1: 換約淨新 | AH1: OP | AI1: 調改單 扣分 | AJ1: 舊機回收
A2: 劉家妘 | B2: 112520.11 | C2: 23.5 | D2: 2 | E2: 23.5 | F2: 2 | G2: 3 | H2: 0 | I2: 143.25 | J2: 19 | K2: 3 | L2: 5 | M2: 0 | N2: 9 | O2: 1 | P2: 12 | Q2: 3 | R2: 4 | S2: 3 | T2: 9 | U2: 1 | V2: 15 | W2: 2 | X2: 9 | Y2: 2 | Z2: 0 | AA2: 0 | AB2: 0 | AC2: 0 | AD2: 5 | AE2: 9566.02 | AF2: 11660.8 | AG2: 0 | AI2: 0 | AJ2: 0
A3: 陳亭安 | B3: 107489.3 | C3: 23.5 | D3: 0 | E3: 23.5 | F3: 0 | G3: 2 | H3: 0 | I3: 216 | J3: 26 | K3: 2 | L3: 10 | M3: 1 | N3: 7 | O3: 0 | P3: 13 | Q3: 1 | R3: 10 | S3: 1 | T3: 10 | U3: 1 | V3: 23 | W3: 1 | X3: 11.5 | Y3: 1 | Z3: 0 | AA3: 0 | AB3: 0 | AC3: 1 | AD3: 1.5 | AE3: 9289.02 | AF3: 7331 | AG3: 0 | AI3: 0 | AJ3: 0
A4: 高琦茗 | B4: 63688.2 | C4: 15 | D4: 0 | E4: 15 | F4: 0 | G4: 2 | H4: 0 | I4: 113.45 | J4: 14 | K4: 2 | L4: 9 | M4: 0 | N4: 7 | O4: 0 | P4: 9 | Q4: 1 | R4: 4 | S4: 0 | T4: 7 | U4: 0 | V4: 11 | W4: 2 | X4: 9.25 | Y4: 1 | Z4: 2 | AA4: 0 | AB4: 0 | AC4: 1 | AD4: 2 | AE4: 2316.36 | AF4: 5684.8 | AG4: 0 | AI4: 0 | AJ4: 0
A5: 彥州 | B5: 66111.88 | C5: 23 | D5: 11.5 | E5: 21.5 | F5: 11.5 | G5: 3 | H5: 1 | I5: 84.75 | J5: 15 | K5: 1 | L5: 5 | M5: 0 | N5: 8 | O5: 1 | P5: 6 | Q5: 0 | R5: 3 | S5: 0 | T5: 7 | U5: 2 | V5: 13 | W5: 1 | X5: 9 | Y5: 1 | Z5: 0 | AA5: 0 | AB5: 0 | AC5: 0 | AD5: 1.75 | AE5: 2617.02 | AF5: 4717 | AG5: 101 | AH5: 1 | AI5: 0 | AJ5: 0
A6: 黃庭鈞 | B6: 147295.8 | C6: 16.5 | D6: 0 | E6: 16.5 | F6: 0 | G6: 1 | H6: 0 | I6: 218.25 | J6: 29 | K6: 4 | L6: 11 | M6: 1 | N6: 13 | O6: 1 | P6: 14 | Q6: 2 | R6: 6 | S6: 2 | T6: 6 | U6: 0 | V6: 19 | W6: 3 | X6: 8 | Y6: 1 | Z6: 4.25 | AA6: 0 | AB6: 0 | AC6: 0 | AD6: 0.25 | AE6: 4060 | AF6: 13509.91 | AG6: 749 | AH6: 1 | AI6: 0 | AJ6: 0
A7: 劉芳廷 | B7: 71824.6 | C7: 13.5 | D7: 0 | E7: 13.5 | F7: 0 | G7: 1 | H7: 0 | I7: 87.55 | J7: 12 | K7: 2 | L7: 4 | M7: 0 | N7: 2 | O7: 0 | P7: 6 | Q7: 0 | R7: 6 | S7: 0 | T7: 3 | U7: 0 | V7: 11 | W7: 2 | X7: 4 | Y7: 0 | Z7: 0 | AA7: 0 | AB7: 0 | AC7: 0 | AD7: 0.25 | AE7: 2109.8 | AF7: 4816 | AG7: 0 | AI7: 0 | AJ7: 0
A8: 邱雨蔚 | B8: 137546.4 | C8: 35.5 | D8: 11.5 | E8: 35.5 | F8: 11.5 | G8: 4 | H8: 1 | I8: 159.95 | J8: 21 | K8: 3 | L8: 13 | M8: 0 | N8: 4 | O8: 1 | P8: 9 | Q8: 2 | R8: 6 | S8: 2 | T8: 10 | U8: 2 | V8: 16 | W8: 4 | X8: 10 | Y8: 2 | Z8: 1 | AA8: 0 | AB8: 0 | AC8: 2 | AD8: 1.25 | AE8: 7657 | AF8: 5358.8 | AG8: 999 | AI8: 0 | AJ8: 0
A9: 林庭逸 | B9: 85619 | C9: 12 | D9: 0 | E9: 10.5 | F9: 0 | G9: 1 | H9: 0 | I9: 104.45 | J9: 12 | K9: 3 | L9: 7 | M9: 1 | N9: 4 | O9: 1 | P9: 4 | Q9: 3 | R9: 3 | S9: 0 | T9: 6 | U9: 0 | V9: 11 | W9: 2 | X9: 5.5 | Y9: 1 | Z9: 1.5 | AA9: 0 | AB9: 0 | AC9: 0 | AD9: 3 | AE9: 1837 | AF9: 2463 | AG9: 0 | AI9: 0 | AJ9: 0
A10: 郭家維 | B10: 92735.5 | C10: 15.5 | D10: 0 | E10: 15.5 | F10: 0 | G10: 1 | H10: 0 | I10: 200.75 | J10: 22 | K10: 2 | L10: 11 | M10: 2 | N10: 10 | O10: 0 | P10: 13 | Q10: 3 | R10: 7 | S10: 1 | T10: 9 | U10: 0 | V10: 14 | W10: 3 | X10: 7 | Y10: 1 | Z10: 2.75 | AA10: 0 | AB10: 0 | AC10: 1 | AD10: 6.25 | AE10: 4585 | AF10: 9406 | AG10: 0 | AI10: 0 | AJ10: 0
A11: 黃閔聖 | B11: 150685.9 | C11: 12 | D11: 0 | E11: 9 | F11: 0 | G11: 0 | H11: 0 | I11: 159.95 | J11: 27 | K11: 0 | L11: 10 | M11: 0 | N11: 10 | O11: 0 | P11: 10 | Q11: 0 | R11: 6 | S11: 0 | T11: 8 | U11: 0 | V11: 24 | W11: 0 | X11: 12 | Y11: 0 | Z11: 0 | AA11: 1.5 | AB11: 0 | AC11: 0 | AD11: 7.75 | AE11: 12566 | AF11: 9171.8 | AG11: 799 | AI11: 0 | AJ11: 0
A12: 秦曼芯 | B12: 49698 | C12: 15 | D12: 0 | E12: 13.5 | F12: 0 | G12: 1 | H12: 0 | I12: 79 | J12: 13 | K12: 3 | L12: 5 | M12: 0 | N12: 5 | O12: 1 | P12: 4 | Q12: 1 | R12: 3 | S12: 1 | T12: 3 | U12: 1 | V12: 8 | W12: 1 | X12: 5 | Y12: 2 | Z12: 0 | AA12: 0 | AB12: 0 | AC12: 1 | AD12: 0.75 | AE12: 2877.73 | AF12: 4882 | AG12: 0 | AI12: 0 | AJ12: 0
A13: 黃傑稜 | B13: 140165.64 | C13: 35.5 | D13: 0 | E13: 31 | F13: 0 | G13: 3 | H13: 0 | I13: 263.95 | J13: 31 | K13: 0 | L13: 20 | M13: 0 | N13: 8 | O13: 0 | P13: 20 | Q13: 0 | R13: 14 | S13: 0 | T13: 8 | U13: 0 | V13: 24 | W13: 0 | X13: 5.5 | Y13: 0 | Z13: 1.25 | AA13: 0 | AB13: 0 | AC13: 0 | AD13: 5.25 | AE13: 4960.16 | AF13: 10107.8 | AG13: 0 | AI13: 0 | AJ13: 0
